contract_month,last,open,high,low,volume,scrape_date,source
2026-04-01,112.85,112.85,112.85,112.85,0,2026-03-31,Investing.com (cash/spot)
2026-05-01,113.06,115.04,115.60,111.35,7139,2026-03-31,Investing.com
2026-06-01,107.10,109.25,109.99,104.72,142490,2026-03-31,Investing.com
2026-07-01,100.06,102.36,102.77,98.05,43494,2026-03-31,Investing.com
2026-08-01,94.43,96.20,96.71,92.67,21757,2026-03-31,Investing.com
2026-09-01,90.33,91.79,92.25,88.97,13905,2026-03-31,Investing.com
2026-10-01,87.34,88.59,88.95,86.00,6556,2026-03-31,Investing.com
2026-11-01,85.31,86.35,86.67,84.15,5802,2026-03-31,Investing.com
2026-12-01,83.77,85.01,85.01,82.62,16871,2026-03-31,Investing.com
2027-01-01,82.46,83.27,83.27,81.38,3354,2026-03-31,Investing.com
2027-02-01,81.29,81.98,82.19,80.47,1656,2026-03-31,Investing.com
2027-03-01,80.32,81.00,81.17,79.48,1845,2026-03-31,Investing.com
2027-04-01,79.49,80.06,80.09,78.84,624,2026-03-31,Investing.com
2027-05-01,78.71,78.71,78.71,78.71,277,2026-03-31,Investing.com
2027-06-01,78.22,78.96,79.04,77.56,2939,2026-03-31,Investing.com
2027-07-01,78.03,78.03,78.03,78.03,40,2026-03-31,Investing.com
2027-08-01,77.63,77.63,77.63,77.63,40,2026-03-31,Investing.com
2027-09-01,77.31,77.21,77.31,77.16,116,2026-03-31,Investing.com
2027-10-01,77.01,77.01,77.01,77.01,7,2026-03-31,Investing.com
2027-11-01,76.75,76.75,76.75,76.75,6,2026-03-31,Investing.com
2027-12-01,76.25,76.89,76.91,75.71,3902,2026-03-31,Investing.com
2028-01-01,76.21,76.21,76.21,76.21,8,2026-03-31,Investing.com
2028-02-01,75.93,75.93,75.93,75.93,3,2026-03-31,Investing.com
2028-03-01,75.73,75.73,75.73,75.73,6,2026-03-31,Investing.com
2028-04-01,75.54,75.54,75.54,75.54,6,2026-03-31,Investing.com
2028-05-01,75.39,75.39,75.39,75.39,10,2026-03-31,Investing.com
2028-06-01,74.98,75.26,75.38,74.52,501,2026-03-31,Investing.com
2028-07-01,75.01,75.01,75.01,75.01,22,2026-03-31,Investing.com
2028-08-01,74.80,74.80,74.80,74.80,0,2026-03-31,Investing.com
2028-09-01,74.59,74.59,74.59,74.59,120,2026-03-31,Investing.com
2028-10-01,74.39,74.39,74.39,74.39,0,2026-03-31,Investing.com
2028-11-01,74.23,74.23,74.23,74.23,9,2026-03-31,Investing.com
2028-12-01,73.90,74.11,74.28,73.46,695,2026-03-31,Investing.com
2029-01-01,73.94,73.94,73.94,73.94,58,2026-03-31,Investing.com
2029-02-01,73.81,73.81,73.81,73.81,99,2026-03-31,Investing.com
2029-03-01,73.70,73.70,73.70,73.70,89,2026-03-31,Investing.com
2029-04-01,73.61,73.61,73.61,73.61,0,2026-03-31,Investing.com
2029-05-01,73.48,73.48,73.48,73.48,0,2026-03-31,Investing.com
2029-06-01,73.01,73.42,73.42,73.00,22,2026-03-31,Investing.com
2029-07-01,73.20,73.20,73.20,73.20,0,2026-03-31,Investing.com
2029-08-01,73.06,73.06,73.06,73.06,0,2026-03-31,Investing.com
2029-09-01,72.90,72.90,72.90,72.90,0,2026-03-31,Investing.com
2029-10-01,72.76,72.76,72.76,72.76,0,2026-03-31,Investing.com
2029-11-01,72.60,72.60,72.60,72.60,0,2026-03-31,Investing.com
2029-12-01,72.49,72.66,72.74,71.98,161,2026-03-31,Investing.com
2030-01-01,72.38,72.38,72.38,72.38,0,2026-03-31,Investing.com
2030-02-01,72.31,72.31,72.31,72.31,0,2026-03-31,Investing.com
2030-03-01,72.24,72.24,72.24,72.24,0,2026-03-31,Investing.com
2030-04-01,72.19,72.19,72.19,72.19,0,2026-03-31,Investing.com
2030-05-01,72.11,72.11,72.11,72.11,0,2026-03-31,Investing.com
2030-06-01,72.05,72.19,72.19,72.05,14,2026-03-31,Investing.com
2030-07-01,71.93,71.93,71.93,71.93,0,2026-03-31,Investing.com
2030-08-01,71.83,71.83,71.83,71.83,0,2026-03-31,Investing.com
2030-09-01,71.72,71.72,71.72,71.72,0,2026-03-31,Investing.com
2030-10-01,71.61,71.61,71.61,71.61,0,2026-03-31,Investing.com
2030-11-01,71.47,71.47,71.47,71.47,0,2026-03-31,Investing.com
2030-12-01,71.00,71.39,71.57,70.94,48,2026-03-31,Investing.com
2031-01-01,71.20,71.20,71.20,71.20,0,2026-03-31,Investing.com
2031-02-01,71.11,71.11,71.11,71.11,0,2026-03-31,Investing.com
2031-03-01,71.03,71.03,71.03,71.03,0,2026-03-31,Investing.com
2031-04-01,70.96,70.96,70.96,70.96,0,2026-03-31,Investing.com
2031-05-01,70.88,70.88,70.88,70.88,0,2026-03-31,Investing.com
2031-06-01,70.79,70.79,70.79,70.79,0,2026-03-31,Investing.com
2031-07-01,70.70,70.70,70.70,70.70,0,2026-03-31,Investing.com
2031-08-01,70.62,70.62,70.62,70.62,0,2026-03-31,Investing.com
2031-09-01,70.54,70.54,70.54,70.54,0,2026-03-31,Investing.com
2031-10-01,70.45,70.45,70.45,70.45,0,2026-03-31,Investing.com
2031-11-01,70.36,70.36,70.36,70.36,0,2026-03-31,Investing.com
2031-12-01,70.26,70.26,70.26,70.26,12,2026-03-31,Investing.com
2032-01-01,70.19,70.19,70.19,70.19,0,2026-03-31,Investing.com
2032-02-01,70.13,70.13,70.13,70.13,0,2026-03-31,Investing.com
2032-03-01,70.06,70.06,70.06,70.06,0,2026-03-31,Investing.com
2032-04-01,69.99,69.99,69.99,69.99,0,2026-03-31,Investing.com
2032-05-01,69.91,69.91,69.91,69.91,0,2026-03-31,Investing.com
2032-06-01,69.81,69.81,69.81,69.81,0,2026-03-31,Investing.com
2032-07-01,69.73,69.73,69.73,69.73,0,2026-03-31,Investing.com
2032-08-01,69.65,69.65,69.65,69.65,0,2026-03-31,Investing.com
2032-09-01,69.57,69.57,69.57,69.57,0,2026-03-31,Investing.com
2032-10-01,69.49,69.49,69.49,69.49,0,2026-03-31,Investing.com
2032-11-01,69.40,69.40,69.40,69.40,0,2026-03-31,Investing.com
2032-12-01,69.30,69.30,69.30,69.30,0,2026-03-31,Investing.com
2033-01-01,69.24,69.24,69.24,69.24,0,2026-03-31,Investing.com
2033-02-01,69.18,69.18,69.18,69.18,0,2026-03-31,Investing.com
2033-03-01,69.13,69.13,69.13,69.13,0,2026-03-31,Investing.com
