date,singapore_vlsfo_usd_mt,global_20ports_vlsfo_usd_mt,houston_vlsfo_usd_mt
2023-03-10,593.0,632.5,607.0
2023-03-13,596.5,633.5,607.0
2023-03-14,588.5,623.0,601.0
2023-03-15,577.0,613.0,584.0
2023-03-16,560.5,598.0,579.0
2023-03-17,563.0,603.0,575.5
2023-03-20,543.5,593.0,566.0
2023-03-21,545.0,593.0,556.5
2023-03-22,566.0,599.0,563.0
2023-03-23,565.0,603.0,573.0
2023-03-24,564.5,600.0,571.5
2023-03-27,563.0,598.5,573.5
2023-03-28,571.5,610.5,580.5
2023-03-29,579.0,611.0,583.0
2023-03-30,577.0,608.0,576.0
2023-03-31,578.0,612.5,575.5
2023-04-03,603.5,636.5,590.0
2023-04-04,606.0,636.5,611.5
2023-04-05,606.0,635.5,607.5
2023-04-06,607.5,637.0,612.5
2023-04-07,610.5,636.0,612.5
2023-04-10,610.5,636.5,612.5
2023-04-11,617.5,638.5,617.0
2023-04-12,621.0,642.0,613.5
2023-04-13,625.0,643.0,619.5
2023-04-14,624.5,642.0,623.0
2023-04-17,627.0,640.5,623.5
2023-04-18,616.5,635.5,608.0
2023-04-19,616.5,634.5,600.5
2023-04-20,598.0,618.0,587.5
2023-04-21,592.0,613.0,576.5
2023-04-24,594.5,611.5,576.0
2023-04-25,605.5,617.0,570.5
2023-04-26,600.0,609.0,566.0
2023-04-27,580.5,598.0,557.0
2023-04-28,583.0,600.0,558.5
2023-05-01,578.5,593.5,550.5
2023-05-02,593.0,601.0,542.5
2023-05-03,577.0,586.0,528.5
2023-05-04,563.5,572.0,519.0
2023-05-05,561.5,574.0,523.0
2023-05-08,569.5,583.0,540.0
2023-05-09,571.5,586.5,542.5
2023-05-10,571.0,587.0,543.5
2023-05-11,571.5,584.0,535.5
2023-05-12,569.0,582.0,534.0
2023-05-15,555.0,573.0,528.0
2023-05-16,565.0,580.5,528.5
2023-05-17,568.0,583.0,529.5
2023-05-18,584.5,595.0,528.5
2023-05-19,587.0,589.0,537.0
2023-05-22,579.0,589.5,533.5
2023-05-23,578.5,585.0,525.5
2023-05-24,583.5,596.0,537.0
2023-05-25,582.0,589.0,532.5
2023-05-26,579.5,585.0,531.5
2023-05-29,578.0,588.5,531.5
2023-05-30,578.0,584.5,525.5
2023-05-31,561.5,577.0,518.5
2023-06-01,558.0,574.0,511.0
2023-06-02,561.5,583.5,520.0
2023-06-05,585.5,594.5,531.0
2023-06-06,572.0,591.5,532.5
2023-06-07,582.5,595.0,534.5
2023-06-08,588.5,598.5,547.5
2023-06-09,585.5,593.0,532.5
2023-06-12,572.0,586.5,528.0
2023-06-13,570.0,585.0,542.0
2023-06-14,584.0,594.5,537.0
2023-06-15,590.0,592.5,545.5
2023-06-16,602.0,601.5,526.5
2023-06-19,616.5,611.0,546.5
2023-06-20,626.0,610.0,534.0
2023-06-21,612.0,608.0,545.0
2023-06-22,612.5,613.5,538.5
2023-06-23,602.5,598.5,532.5
2023-06-26,597.0,598.5,530.5
2023-06-27,594.5,594.0,525.5
2023-06-28,585.0,588.5,525.5
2023-06-29,587.0,594.0,522.5
2023-06-30,594.0,596.0,520.5
2023-07-03,595.0,598.5,523.0
2023-07-04,591.0,592.0,523.0
2023-07-05,585.5,593.0,534.5
2023-07-06,582.0,592.0,534.5
2023-07-07,586.5,591.5,533.5
2023-07-10,587.5,597.5,546.5
2023-07-11,575.5,594.0,548.5
2023-07-12,579.5,600.0,559.5
2023-07-13,577.0,601.0,566.0
2023-07-14,581.5,602.5,564.0
2023-07-17,574.0,596.5,560.0
2023-07-18,564.5,592.5,559.0
2023-07-19,569.0,595.5,564.5
2023-07-20,569.0,595.0,568.5
2023-07-21,573.5,598.5,569.5
2023-07-24,583.5,607.5,577.5
2023-07-25,592.0,614.5,577.0
2023-07-26,598.5,617.5,577.5
2023-07-27,608.0,622.5,591.5
2023-07-28,613.5,629.0,589.0
2023-07-31,619.5,633.5,597.5
2023-08-01,628.0,640.5,597.0
2023-08-02,638.5,647.5,602.0
2023-08-03,631.5,647.0,597.0
2023-08-04,639.0,654.5,605.5
2023-08-07,643.5,657.5,610.5
2023-08-08,637.0,652.0,609.5
2023-08-09,640.0,657.0,625.5
2023-08-10,663.0,667.5,637.5
2023-08-11,653.0,662.5,634.0
2023-08-14,650.5,662.5,636.5
2023-08-15,651.0,661.5,626.5
2023-08-16,647.5,656.5,624.5
2023-08-17,640.0,653.0,625.5
2023-08-18,641.5,654.5,627.5
2023-08-21,647.0,657.5,634.0
2023-08-22,635.5,649.0,629.0
2023-08-23,629.5,645.5,627.5
2023-08-24,629.0,645.5,620.0
2023-08-25,636.5,651.0,619.5
2023-08-28,643.0,654.5,629.0
2023-08-29,642.0,657.0,632.5
2023-08-30,640.0,654.0,636.0
2023-08-31,637.0,654.5,644.0
2023-09-01,641.5,662.0,647.0
2023-09-04,641.5,664.0,651.0
2023-09-05,642.0,661.0,657.0
2023-09-06,645.5,662.0,653.0
2023-09-07,655.5,668.5,658.0
2023-09-08,655.5,667.0,659.0
2023-09-11,653.5,668.5,663.0
2023-09-12,653.0,671.0,669.5
2023-09-13,662.0,675.0,661.0
2023-09-14,670.5,681.0,668.0
2023-09-15,676.0,687.0,670.5
2023-09-18,678.0,685.0,672.5
2023-09-19,674.0,682.0,672.0
2023-09-20,672.0,681.5,667.5
2023-09-21,665.0,677.5,660.0
2023-09-22,667.5,677.5,662.5
2023-09-25,666.0,674.5,658.0
2023-09-26,666.0,672.5,655.5
2023-09-27,680.0,682.5,661.0
2023-09-28,684.0,689.0,658.0
2023-09-29,682.5,684.5,659.5
2023-10-02,684.0,683.0,652.0
2023-10-03,677.5,679.0,644.0
2023-10-04,672.0,672.0,632.0
2023-10-05,632.0,649.5,610.0
2023-10-06,634.5,647.5,585.5
2023-10-09,655.0,654.0,590.5
2023-10-10,650.0,664.5,622.5
2023-10-11,655.0,662.5,616.5
2023-10-12,660.0,667.0,613.5
2023-10-13,663.5,672.0,618.5
2023-10-16,680.5,680.0,635.0
2023-10-17,672.5,678.0,632.5
2023-10-18,683.5,683.0,633.0
2023-10-19,680.5,686.0,634.5
2023-10-20,686.0,688.0,633.5
2023-10-23,681.5,686.0,639.0
2023-10-24,666.5,675.0,627.0
2023-10-25,661.0,669.5,623.5
2023-10-26,667.0,671.0,615.0
2023-10-27,668.0,671.0,612.0
2023-10-30,672.0,673.0,612.0
2023-10-31,677.0,674.5,613.0
2023-11-01,700.0,680.5,611.0
2023-11-02,687.0,678.0,607.5
2023-11-03,694.0,678.5,606.0
2023-11-06,690.5,677.5,601.0
2023-11-07,682.5,673.0,585.5
2023-11-08,677.5,664.5,579.0
2023-11-09,666.5,660.5,572.0
2023-11-10,679.0,661.0,574.0
2023-11-13,682.0,666.5,575.5
2023-11-14,694.0,674.5,583.5
2023-11-15,692.5,672.5,574.0
2023-11-16,683.0,666.0,574.5
2023-11-17,678.0,658.5,566.5
2023-11-20,706.0,668.0,565.5
2023-11-21,717.0,674.5,568.0
2023-11-22,715.5,673.5,570.5
2023-11-23,708.0,670.0,575.0
2023-11-24,698.0,665.0,569.0
2023-11-27,663.5,655.5,570.5
2023-11-28,651.5,653.5,571.0
2023-11-29,658.0,654.0,581.0
2023-11-30,666.5,660.5,589.5
2023-12-01,670.5,660.0,577.0
2023-12-04,643.5,648.5,573.5
2023-12-05,631.5,644.0,568.5
2023-12-06,625.5,639.5,557.0
2023-12-07,604.0,624.0,547.0
2023-12-08,589.0,621.5,553.0
2023-12-11,603.0,620.5,549.5
2023-12-12,600.0,617.0,536.5
2023-12-13,582.5,609.0,535.0
2023-12-14,581.5,611.0,542.0
2023-12-15,595.5,618.5,557.0
2023-12-18,599.0,623.0,559.5
2023-12-19,610.0,629.0,562.0
2023-12-20,614.0,634.0,570.5
2023-12-21,614.0,637.5,576.0
2023-12-22,613.5,639.0,583.5
2023-12-25,613.5,639.0,583.5
2023-12-26,613.5,637.5,579.0
2023-12-27,619.5,643.5,582.5
2023-12-28,615.0,642.0,574.0
2023-12-29,618.5,637.0,567.0
2024-01-01,618.5,637.0,567.0
2024-01-02,609.0,636.0,562.0
2024-01-03,599.5,633.5,565.0
2024-01-04,606.0,633.5,576.0
2024-01-05,606.5,635.0,576.5
2024-01-08,596.5,631.5,576.0
2024-01-09,589.0,625.5,578.0
2024-01-10,592.5,627.0,576.0
2024-01-11,589.0,622.5,579.0
2024-01-12,597.0,627.0,587.0
2024-01-15,597.0,626.0,591.5
2024-01-16,592.5,624.5,585.5
2024-01-17,599.5,623.5,581.0
2024-01-18,609.0,623.0,584.0
2024-01-19,616.5,630.0,595.0
2024-01-22,621.0,634.5,595.0
2024-01-23,618.5,635.5,606.0
2024-01-24,625.5,641.0,598.0
2024-01-25,630.5,647.0,608.5
2024-01-26,655.0,654.0,616.5
2024-01-29,662.5,663.5,625.0
2024-01-30,667.5,665.0,625.5
2024-01-31,661.5,666.0,631.0
2024-02-01,643.0,660.5,627.0
2024-02-02,642.0,655.0,623.0
2024-02-05,632.5,647.5,625.5
2024-02-06,624.5,645.0,633.5
2024-02-07,628.0,648.0,627.5
2024-02-08,633.5,650.5,632.0
2024-02-09,641.0,657.0,644.0
2024-02-12,642.0,658.0,637.0
2024-02-13,652.0,660.0,639.0
2024-02-14,653.0,660.5,634.0
2024-02-15,642.0,661.0,635.5
2024-02-16,652.5,665.0,638.5
2024-02-19,646.0,666.0,638.0
2024-02-20,644.0,665.5,638.5
2024-02-21,640.5,660.5,635.5
2024-02-22,640.5,661.5,639.0
2024-02-23,642.5,663.0,636.5
2024-02-26,632.0,656.5,633.0
2024-02-27,629.5,657.5,638.5
2024-02-28,640.5,662.0,636.0
2024-02-29,639.5,662.0,635.5
2024-03-01,641.0,662.0,633.5
2024-03-04,646.0,666.5,639.0
2024-03-05,646.5,666.0,638.5
2024-03-06,640.0,663.5,639.0
2024-03-07,639.5,663.5,640.0
2024-03-08,638.0,661.0,638.0
2024-03-11,632.5,658.0,636.5
2024-03-12,638.5,656.5,637.0
2024-03-13,633.0,657.5,638.5
2024-03-14,638.5,664.5,647.0
2024-03-15,645.0,666.0,645.5
2024-03-18,650.5,669.5,656.0
2024-03-19,648.0,672.0,660.5
2024-03-20,648.5,671.0,665.5
2024-03-21,644.0,668.0,654.0
2024-03-22,642.0,665.0,654.5
2024-03-25,647.0,665.0,652.5
2024-03-26,646.0,666.0,652.5
2024-03-27,640.5,664.5,652.5
2024-03-28,637.5,663.5,652.0
2024-03-29,647.5,668.5,659.0
2024-04-01,645.5,666.0,654.0
2024-04-02,645.0,669.5,658.0
2024-04-03,652.5,673.5,661.0
2024-04-04,649.5,674.0,660.0
2024-04-05,653.0,674.5,657.0
2024-04-08,650.5,677.0,656.5
2024-04-09,652.5,673.0,647.0
2024-04-10,656.0,672.0,645.0
2024-04-11,650.5,671.5,647.0
2024-04-12,646.0,672.0,649.0
2024-04-15,648.0,672.5,646.0
2024-04-16,653.5,672.5,636.0
2024-04-17,655.5,672.0,628.5
2024-04-18,647.0,665.5,636.5
2024-04-19,645.0,665.0,627.5
2024-04-22,641.0,661.5,629.5
2024-04-23,646.5,662.5,630.5
2024-04-24,647.5,664.0,619.0
2024-04-25,649.5,662.0,624.0
2024-04-26,649.0,664.0,626.5
2024-04-29,649.0,666.0,630.5
2024-04-30,645.5,662.0,619.5
2024-05-01,644.5,658.5,608.5
2024-05-02,634.0,645.0,595.5
2024-05-03,625.0,645.5,595.0
2024-05-06,627.0,646.0,587.5
2024-05-07,628.0,644.0,591.0
2024-05-08,621.0,639.0,589.5
2024-05-09,630.0,642.5,590.5
2024-05-10,635.5,645.5,596.0
2024-05-13,627.5,640.0,590.0
2024-05-14,624.5,639.5,593.0
2024-05-15,623.5,636.0,585.0
2024-05-16,623.5,637.0,595.5
2024-05-17,624.5,637.0,591.5
2024-05-20,626.0,638.0,593.5
2024-05-21,621.5,635.0,590.0
2024-05-22,615.0,629.0,585.5
2024-05-23,603.5,625.0,586.0
2024-05-24,602.0,620.5,571.5
2024-05-27,599.0,621.5,573.0
2024-05-28,600.5,622.0,589.0
2024-05-29,613.0,628.5,590.5
2024-05-30,609.5,627.0,588.5
2024-05-31,599.0,619.5,586.0
2024-06-03,597.0,615.5,579.5
2024-06-04,585.5,606.5,568.5
2024-06-05,577.0,597.5,563.5
2024-06-06,577.5,599.0,559.0
2024-06-07,581.0,606.5,570.5
2024-06-10,581.0,606.5,567.0
2024-06-11,586.0,611.5,574.5
2024-06-12,595.0,615.5,572.5
2024-06-13,598.0,616.5,575.0
2024-06-14,597.5,616.5,578.5
2024-06-17,599.5,618.0,578.0
2024-06-18,606.0,624.0,586.5
2024-06-19,611.5,626.5,589.5
2024-06-20,613.5,627.0,588.0
2024-06-21,615.5,628.5,591.5
2024-06-24,616.0,627.5,598.0
2024-06-25,623.0,633.5,611.0
2024-06-26,622.0,635.5,602.0
2024-06-27,627.5,637.5,606.0
2024-06-28,630.5,638.0,609.5
2024-07-01,628.5,636.0,603.5
2024-07-02,642.0,644.5,615.0
2024-07-03,640.5,651.0,615.0
2024-07-04,638.0,648.0,617.0
2024-07-05,642.5,648.5,612.0
2024-07-08,638.5,646.0,614.5
2024-07-09,634.0,643.5,610.0
2024-07-10,628.0,643.5,608.0
2024-07-11,627.5,640.5,609.5
2024-07-12,629.5,635.0,612.0
2024-07-15,627.0,639.0,610.5
2024-07-16,622.5,638.5,601.0
2024-07-17,618.5,635.5,601.5
2024-07-18,625.0,637.0,604.5
2024-07-19,624.0,637.0,602.5
2024-07-22,616.0,630.0,594.0
2024-07-23,612.5,626.0,585.0
2024-07-24,612.5,623.0,581.5
2024-07-25,612.5,622.0,575.0
2024-07-26,611.0,624.5,576.0
2024-07-29,619.5,621.5,574.0
2024-07-30,613.0,616.0,566.5
2024-07-31,611.0,617.0,569.0
2024-08-01,618.5,625.0,575.0
2024-08-02,617.5,621.0,561.5
2024-08-05,594.0,608.0,549.0
2024-08-06,585.5,604.0,549.5
2024-08-07,588.0,604.5,545.5
2024-08-08,594.0,609.0,551.5
2024-08-09,595.0,610.5,551.0
2024-08-12,602.0,618.0,564.5
2024-08-13,619.5,624.5,571.0
2024-08-14,611.0,622.5,567.0
2024-08-15,607.0,620.0,566.5
2024-08-16,605.0,619.5,566.0
2024-08-19,601.5,615.5,560.0
2024-08-20,599.5,609.5,550.5
2024-08-21,603.5,610.0,547.0
2024-08-22,612.0,609.5,540.5
2024-08-23,622.5,615.5,548.0
2024-08-26,639.0,623.5,560.0
2024-08-27,644.5,631.5,560.0
2024-08-28,639.5,630.5,554.0
2024-08-29,628.5,626.0,552.0
2024-08-30,633.5,629.0,554.5
2024-09-02,627.0,624.0,548.5
2024-09-03,632.5,624.0,550.0
2024-09-04,624.5,616.0,526.5
2024-09-05,630.5,616.0,526.0
2024-09-06,627.5,612.5,526.0
2024-09-09,604.5,604.0,516.0
2024-09-10,592.5,596.0,506.5
2024-09-11,582.5,587.5,498.0
2024-09-12,579.0,589.5,498.0
2024-09-13,581.0,591.5,500.5
2024-09-16,578.0,591.0,504.0
2024-09-17,587.0,590.5,513.5
2024-09-18,581.5,588.5,516.0
2024-09-19,591.5,589.5,515.0
2024-09-20,597.5,598.5,522.5
2024-09-23,604.5,603.0,521.0
2024-09-24,610.0,609.0,523.0
2024-09-25,606.5,606.5,521.0
2024-09-26,591.5,597.5,505.5
2024-09-27,579.0,591.0,507.0
2024-09-30,583.0,592.0,508.5
2024-10-01,563.5,588.5,514.0
2024-10-02,588.0,603.5,530.5
2024-10-03,589.0,603.0,531.0
2024-10-04,602.5,615.0,552.5
2024-10-07,610.0,616.0,554.0
2024-10-08,609.5,622.0,555.0
2024-10-09,607.0,612.5,547.5
2024-10-10,610.0,616.5,553.5
2024-10-11,620.0,624.0,565.5
2024-10-14,614.5,622.5,564.0
2024-10-15,594.5,608.5,542.5
2024-10-16,591.5,605.5,535.5
2024-10-17,589.5,605.0,537.5
2024-10-18,592.5,602.5,533.5
2024-10-21,589.0,602.0,534.0
2024-10-22,590.0,603.5,537.0
2024-10-23,601.5,608.5,541.5
2024-10-24,611.5,609.0,540.5
2024-10-25,608.5,606.5,539.0
2024-10-28,584.0,591.0,530.0
2024-10-29,574.5,584.5,524.0
2024-10-30,582.0,589.5,527.0
2024-10-31,586.0,591.0,523.5
2024-11-01,590.0,595.5,530.5
2024-11-04,596.0,596.0,538.0
2024-11-05,598.5,598.0,546.5
2024-11-06,597.0,599.0,550.5
2024-11-07,596.5,599.5,550.5
2024-11-08,589.0,599.5,552.5
2024-11-11,582.5,593.5,550.0
2024-11-12,573.0,588.0,547.5
2024-11-13,571.5,585.0,542.5
2024-11-14,571.5,584.0,545.5
2024-11-15,565.5,582.5,548.0
2024-11-18,559.5,582.5,543.5
2024-11-19,563.0,586.0,547.5
2024-11-20,569.5,586.0,547.5
2024-11-21,569.5,586.0,550.0
2024-11-22,571.0,589.0,556.0
2024-11-25,570.0,587.5,555.0
2024-11-26,565.5,583.5,552.0
2024-11-27,556.0,580.0,549.5
2024-11-28,549.0,578.0,546.5
2024-11-29,549.5,579.5,553.5
2024-12-02,549.0,578.5,549.5
2024-12-03,551.0,577.5,549.0
2024-12-04,559.0,581.0,552.0
2024-12-05,555.5,578.5,549.5
2024-12-06,547.5,573.0,544.0
2024-12-09,542.5,572.5,538.5
2024-12-10,535.0,570.0,540.0
2024-12-11,539.0,571.0,543.5
2024-12-12,548.5,574.5,548.0
2024-12-13,549.0,575.5,550.5
2024-12-16,549.5,577.5,559.0
2024-12-17,552.0,577.0,553.5
2024-12-18,550.0,575.5,550.5
2024-12-19,547.5,574.5,547.0
2024-12-20,548.0,572.0,544.5
2024-12-23,551.0,573.5,540.5
2024-12-24,553.5,574.0,545.0
2024-12-25,553.5,574.0,545.0
2024-12-26,560.5,577.5,548.0
2024-12-27,555.0,577.0,556.0
2024-12-30,557.0,578.5,561.0
2024-12-31,565.0,582.0,564.0
2025-01-01,565.0,582.0,563.0
2025-01-02,562.0,582.5,561.5
2025-01-03,565.0,587.0,563.5
2025-01-06,570.0,587.5,566.0
2025-01-07,567.5,587.0,573.5
2025-01-08,574.5,592.5,570.5
2025-01-09,575.0,591.5,570.5
2025-01-10,582.5,596.5,586.5
2025-01-13,599.0,608.5,595.0
2025-01-14,599.0,610.5,599.0
2025-01-15,597.0,608.5,598.0
2025-01-16,606.0,616.5,603.0
2025-01-17,613.0,620.5,601.5
2025-01-20,611.5,619.0,599.0
2025-01-21,610.0,615.5,591.0
2025-01-22,600.5,613.0,581.5
2025-01-23,596.5,614.5,585.0
2025-01-24,597.0,613.5,581.5
2025-01-27,598.5,612.5,576.5
2025-01-28,594.0,613.0,575.0
2025-01-29,593.0,611.0,573.5
2025-01-30,592.5,610.0,570.0
2025-01-31,588.0,609.5,566.0
2025-02-03,588.5,609.5,564.5
2025-02-04,580.0,605.5,559.5
2025-02-05,582.0,605.5,563.0
2025-02-06,575.0,599.5,559.5
2025-02-07,574.5,597.0,560.0
2025-02-10,577.5,599.0,563.0
2025-02-11,585.0,603.0,566.0
2025-02-12,584.0,602.0,563.0
2025-02-13,573.5,593.5,555.5
2025-02-14,576.0,595.5,549.0
2025-02-17,572.5,595.0,549.0
2025-02-18,570.5,594.5,558.0
2025-02-19,574.5,596.5,560.5
2025-02-20,573.5,598.0,565.5
2025-02-21,570.0,596.0,566.0
2025-02-24,558.5,591.0,558.5
2025-02-25,555.0,587.5,549.0
2025-02-26,542.0,582.0,541.5
2025-02-27,531.0,576.0,531.5
2025-02-28,533.5,576.5,537.5
2025-03-03,530.0,573.5,536.5
2025-03-04,516.0,565.0,530.5
2025-03-05,513.0,559.0,526.0
2025-03-06,507.0,555.5,515.0
2025-03-07,505.5,552.0,516.0
2025-03-10,507.5,552.0,520.5
2025-03-11,507.5,550.5,519.5
2025-03-12,511.0,552.0,522.0
2025-03-13,514.0,553.0,522.0
2025-03-14,511.5,551.5,522.0
2025-03-17,513.5,551.5,524.5
2025-03-18,518.5,553.0,531.5
2025-03-19,515.5,549.0,528.0
2025-03-20,516.0,549.0,527.5
2025-03-21,519.5,551.5,530.5
2025-03-24,519.5,552.5,530.0
2025-03-25,522.5,555.5,529.0
2025-03-26,524.5,556.5,532.0
2025-03-27,529.0,558.0,535.5
2025-03-28,532.0,560.0,531.0
2025-03-31,531.5,560.5,537.0
2025-04-01,538.0,565.0,533.5
2025-04-02,543.0,567.0,535.0
2025-04-03,536.5,562.0,522.5
2025-04-04,515.5,548.5,502.0
2025-04-07,493.5,530.0,482.5
2025-04-08,490.5,524.0,470.5
2025-04-09,476.0,515.0,457.5
2025-04-10,486.0,518.0,456.0
2025-04-11,486.0,521.0,463.0
2025-04-14,495.0,523.0,468.5
2025-04-15,494.5,524.0,471.0
2025-04-16,494.5,521.0,474.5
2025-04-17,497.0,523.5,475.5
2025-04-18,501.5,529.5,474.0
2025-04-21,495.0,526.0,470.5
2025-04-22,500.0,526.5,472.0
2025-04-23,506.5,529.0,472.5
2025-04-24,502.0,526.0,469.0
2025-04-25,504.5,526.5,476.0
2025-04-28,509.0,529.0,471.5
2025-04-29,502.0,524.5,467.0
2025-04-30,493.5,521.0,458.0
2025-05-01,493.5,516.0,450.0
2025-05-02,491.0,517.5,443.5
2025-05-05,489.0,513.5,437.5
2025-05-06,495.0,515.0,437.5
2025-05-07,501.0,518.5,445.0
2025-05-08,504.5,519.5,446.0
2025-05-09,511.0,526.0,450.5
2025-05-12,514.0,531.0,460.0
2025-05-13,516.5,532.0,461.5
2025-05-14,532.0,540.0,469.5
2025-05-15,530.0,540.0,465.5
2025-05-16,523.5,539.0,468.0
2025-05-19,523.0,537.0,469.0
2025-05-20,521.5,538.5,471.0
2025-05-21,529.5,540.0,470.5
2025-05-22,522.5,536.5,468.5
2025-05-23,511.0,532.0,464.5
2025-05-26,513.0,532.5,466.5
2025-05-27,511.0,531.0,472.0
2025-05-28,510.0,532.0,472.0
2025-05-29,506.5,532.0,475.0
2025-05-30,502.0,528.0,470.5
2025-06-02,505.0,531.5,468.0
2025-06-03,506.0,531.0,474.5
2025-06-04,511.5,533.5,474.5
2025-06-05,512.5,534.0,469.0
2025-06-06,510.0,532.0,469.5
2025-06-09,512.0,532.5,480.5
2025-06-10,512.5,534.5,481.5
2025-06-11,516.5,537.5,486.5
2025-06-12,523.5,541.5,494.5
2025-06-13,553.0,559.5,521.5
2025-06-16,554.0,566.0,529.5
2025-06-17,558.5,571.0,536.0
2025-06-18,568.5,581.5,544.5
2025-06-19,569.0,588.0,561.0
2025-06-20,570.5,589.0,555.0
2025-06-23,570.5,588.0,546.5
2025-06-24,530.0,562.5,511.0
2025-06-25,522.0,557.5,479.5
2025-06-26,520.0,556.0,480.0
2025-06-27,521.5,554.0,488.0
2025-06-30,522.5,553.0,486.0
2025-07-01,524.5,553.0,489.0
2025-07-02,526.0,552.0,495.5
2025-07-03,530.0,555.5,497.5
2025-07-04,528.5,555.5,495.0
2025-07-07,527.5,553.0,495.5
2025-07-08,529.0,555.5,501.5
2025-07-09,535.5,559.5,500.0
2025-07-10,530.5,557.5,497.0
2025-07-11,523.0,554.0,496.5
2025-07-14,528.0,557.5,506.5
2025-07-15,525.5,557.0,498.0
2025-07-16,522.0,552.0,496.5
2025-07-17,520.0,550.5,496.0
2025-07-18,519.5,550.5,501.5
2025-07-21,516.5,550.0,501.5
2025-07-22,515.5,549.5,500.5
2025-07-23,515.0,547.0,501.0
2025-07-24,517.0,548.5,499.0
2025-07-25,518.0,548.0,499.5
2025-07-28,515.5,547.0,501.5
2025-07-29,521.5,550.0,506.5
2025-07-30,528.5,555.5,517.5
2025-07-31,531.0,556.5,518.0
2025-08-01,528.0,556.0,516.0
2025-08-04,517.5,549.0,499.5
2025-08-05,517.5,546.0,495.0
2025-08-06,515.0,543.5,496.5
2025-08-07,513.0,541.0,489.5
2025-08-08,506.0,537.0,490.5
2025-08-11,502.5,533.5,488.5
2025-08-12,502.5,532.0,482.0
2025-08-13,500.0,531.0,482.0
2025-08-14,497.5,529.5,482.0
2025-08-15,498.0,531.5,486.0
2025-08-18,497.5,528.5,480.5
2025-08-19,495.5,527.0,478.5
2025-08-20,495.0,527.0,483.0
2025-08-21,497.5,529.0,487.5
2025-08-22,498.5,527.5,488.5
2025-08-25,507.0,531.0,491.5
2025-08-26,507.5,532.5,492.5
2025-08-27,503.0,530.0,491.5
2025-08-28,502.5,529.0,491.0
2025-08-29,505.0,531.0,493.5
2025-09-01,505.0,533.5,497.0
2025-09-02,510.5,534.5,493.5
2025-09-03,509.0,536.0,498.0
2025-09-04,497.5,530.5,492.5
2025-09-05,492.5,525.5,478.5
2025-09-08,486.0,524.5,477.0
2025-09-09,488.0,524.0,488.5
2025-09-10,487.5,521.0,487.0
2025-09-11,482.0,517.5,478.0
2025-09-12,477.0,516.5,483.0
2025-09-15,481.5,516.5,485.5
2025-09-16,489.0,521.5,494.0
2025-09-17,493.0,524.0,489.0
2025-09-18,490.5,524.0,487.0
2025-09-19,485.0,520.5,481.0
2025-09-22,480.0,515.0,479.5
2025-09-23,484.0,514.5,483.0
2025-09-24,487.5,518.0,486.0
2025-09-25,492.0,520.5,485.0
2025-09-26,497.5,524.5,490.5
2025-09-29,495.0,523.0,475.5
2025-09-30,488.5,518.5,483.0
2025-10-01,490.5,516.5,471.5
2025-10-02,484.5,514.0,461.5
2025-10-03,477.5,511.5,464.5
2025-10-06,481.0,513.0,462.0
2025-10-07,482.0,515.0,461.5
2025-10-08,481.0,513.5,461.0
2025-10-09,478.0,513.5,460.0
2025-10-10,470.0,506.0,452.5
2025-10-13,459.0,501.5,451.5
2025-10-14,453.0,495.5,443.0
2025-10-15,449.5,490.0,439.5
2025-10-16,451.0,489.0,437.0
2025-10-17,443.0,483.0,431.0
2025-10-20,440.0,482.5,436.0
2025-10-21,443.5,483.5,428.5
2025-10-22,446.5,485.0,434.5
2025-10-23,455.0,493.0,468.0
2025-10-24,461.0,498.5,464.5
2025-10-27,460.0,499.0,456.5
2025-10-28,457.5,495.0,452.5
2025-10-29,457.5,493.0,442.0
2025-10-30,460.0,491.0,442.0
2025-10-31,464.5,491.0,445.5
2025-11-03,471.5,495.0,446.0
2025-11-04,468.0,494.5,444.5
2025-11-05,466.5,494.0,451.5
2025-11-06,467.5,492.5,437.0
2025-11-07,465.0,492.5,438.5
2025-11-10,468.0,495.5,443.5
2025-11-11,469.5,495.0,446.0
2025-11-12,466.5,496.0,441.0
2025-11-13,461.5,490.0,443.0
2025-11-14,461.0,490.0,436.0
2025-11-17,465.5,492.0,437.0
2025-11-18,465.0,493.0,435.5
2025-11-19,466.0,490.0,436.0
2025-11-20,459.5,486.5,439.5
2025-11-21,450.0,482.0,441.5
2025-11-24,442.0,477.0,441.5
2025-11-25,437.5,473.0,435.5
2025-11-26,435.5,470.5,429.0
2025-11-27,437.5,471.5,432.5
2025-11-28,437.5,472.0,431.5
2025-12-01,441.5,473.5,435.0
2025-12-02,441.0,473.0,433.0
2025-12-03,437.5,469.5,429.5
2025-12-04,436.5,470.5,437.0
2025-12-05,438.5,472.5,436.5
2025-12-08,441.0,470.5,436.5
2025-12-09,437.0,469.5,431.5
2025-12-10,433.5,466.0,427.5
2025-12-11,429.0,464.0,418.5
2025-12-12,430.5,462.0,411.0
2025-12-15,431.5,461.0,406.5
2025-12-16,424.0,457.5,404.5
2025-12-17,422.5,456.0,403.5
2025-12-18,422.5,455.5,401.0
2025-12-19,421.0,457.0,409.5
2025-12-22,426.5,458.0,411.5
2025-12-23,432.5,462.0,421.5
2025-12-24,434.5,463.0,420.5
2025-12-25,434.5,463.0,420.5
2025-12-26,435.5,462.0,415.5
2025-12-29,426.0,464.5,420.5
2025-12-30,427.5,463.0,417.0
2025-12-31,432.5,463.5,418.0
2026-01-01,433.5,464.0,420.5
2026-01-02,430.0,462.0,412.5
2026-01-05,425.0,460.0,413.0
2026-01-06,427.0,460.0,411.5
2026-01-07,422.5,458.5,408.0
2026-01-08,423.5,458.0,410.0
2026-01-09,430.5,462.0,414.0
2026-01-12,431.5,466.0,422.0
2026-01-13,438.5,472.0,438.0
2026-01-14,448.0,477.5,446.0
2026-01-15,449.5,477.0,438.0
2026-01-16,448.5,476.0,431.0
2026-01-19,449.5,476.0,438.0
2026-01-20,451.5,476.0,438.5
2026-01-21,450.0,480.0,442.5
2026-01-22,457.0,484.5,446.5
2026-01-23,459.5,485.0,442.0
2026-01-26,465.5,488.0,449.0
2026-01-27,468.0,487.0,451.0
2026-01-28,476.0,493.5,457.0
2026-01-29,484.5,502.0,474.0
2026-01-30,485.5,503.0,476.5
2026-02-02,473.0,495.0,462.0
2026-02-03,471.0,494.5,453.5
2026-02-04,484.5,503.5,463.0
2026-02-05,490.0,507.5,457.5
2026-02-06,489.5,508.5,457.5
2026-02-09,485.5,507.5,465.0
2026-02-10,487.5,510.5,467.5
2026-02-11,491.0,516.5,472.5
2026-02-12,491.5,517.0,470.5
2026-02-13,482.5,509.5,460.0
2026-02-16,484.5,510.0,455.5
2026-02-17,490.5,512.5,457.5
2026-02-18,490.0,516.0,468.5
2026-02-19,508.0,532.0,485.0
2026-02-20,516.0,535.5,490.5
2026-02-23,515.0,536.0,492.5
2026-02-24,514.5,538.0,490.5
2026-02-25,511.5,537.5,488.5
2026-02-26,513.0,536.5,493.0
2026-02-27,521.5,543.5,494.5
2026-03-02,574.5,587.5,553.0
2026-03-03,640.5,629.0,579.0
2026-03-04,658.5,659.0,589.0
2026-03-05,695.5,681.5,600.5
2026-03-06,822.5,735.0,668.0
2026-03-09,1116.0,929.0,775.5
2026-03-10,1050.5,907.0,718.5
2026-03-11,1049.0,,685.0
2026-03-12,1085.5,,716.5
2026-03-13,1120.5,,743.0
