date,response_component,actual_raw,pred_raw,residual_raw
2023-05-17,avg_sing_hou_bbl,86.4173228346457,87.1915331095631,-0.774210274917351
2023-05-18,avg_sing_hou_bbl,87.6377952755906,85.8422160073695,1.79557926822109
2023-05-19,avg_sing_hou_bbl,88.503937007874,85.7322474164445,2.77168959142954
2023-05-22,avg_sing_hou_bbl,87.5984251968504,86.3869217841059,1.21150341274446
2023-05-23,avg_sing_hou_bbl,86.9291338582677,88.2274309449038,-1.29829708663608
2023-05-24,avg_sing_hou_bbl,88.2283464566929,90.6855810516526,-2.45723459495964
2023-05-25,avg_sing_hou_bbl,87.755905511811,87.4067702477523,0.349135264058745
2023-05-26,avg_sing_hou_bbl,87.4803149606299,88.8564047965041,-1.37608983587418
2023-05-30,avg_sing_hou_bbl,86.8897637795276,85.251814503846,1.63794927568159
2023-05-31,avg_sing_hou_bbl,85.0393700787402,83.8360685210988,1.2033015576414
2023-06-01,avg_sing_hou_bbl,84.1732283464567,87.0226493081477,-2.84942096169102
2023-06-02,avg_sing_hou_bbl,85.1574803149607,89.7664259783168,-4.60894566335612
2023-06-05,avg_sing_hou_bbl,87.9133858267717,90.564949031586,-2.65156320481429
2023-06-06,avg_sing_hou_bbl,86.9685039370079,90.1333836234608,-3.16487968645289
2023-06-07,avg_sing_hou_bbl,87.9527559055118,91.4575959577414,-3.50484005222957
2023-06-08,avg_sing_hou_bbl,89.4488188976378,89.9441834692676,-0.495364571629835
2023-06-09,avg_sing_hou_bbl,88.0314960629921,88.5366418525377,-0.505145789545566
2023-06-12,avg_sing_hou_bbl,86.6141732283465,84.1742681895238,2.43990503882266
2023-06-13,avg_sing_hou_bbl,87.5590551181103,87.3472170080843,0.211838110025923
2023-06-14,avg_sing_hou_bbl,88.2677165354331,85.7451772116443,2.52253932378876
2023-06-15,avg_sing_hou_bbl,89.4094488188977,88.8807094618909,0.528739357006785
2023-06-16,avg_sing_hou_bbl,88.8582677165354,90.1907118753672,-1.33244415883172
2023-06-20,avg_sing_hou_bbl,91.3385826771654,88.585816304314,2.75276637285141
2023-06-21,avg_sing_hou_bbl,91.1023622047244,90.5680878206593,0.534274384065114
2023-06-22,avg_sing_hou_bbl,90.6299212598425,85.7630673501309,4.86685390971165
2023-06-23,avg_sing_hou_bbl,89.3700787401575,85.1852735753555,4.18480516480204
2023-06-26,avg_sing_hou_bbl,88.7795275590551,85.2310606280889,3.54846693096623
2023-06-27,avg_sing_hou_bbl,88.1889763779528,83.0311240995535,5.1578522783993
2023-06-28,avg_sing_hou_bbl,87.4409448818898,85.4682523184562,1.97269256343353
2023-06-29,avg_sing_hou_bbl,87.3622047244095,85.7180776732972,1.64412705111222
2023-06-30,avg_sing_hou_bbl,87.755905511811,86.7059762037862,1.04992930802484
2023-07-03,avg_sing_hou_bbl,88.0314960629921,85.2784756749333,2.7530203880588
2023-07-05,avg_sing_hou_bbl,88.1889763779528,88.1115237993878,0.0774525785649303
2023-07-06,avg_sing_hou_bbl,87.9133858267717,88.0059603768145,-0.0925745500428405
2023-07-07,avg_sing_hou_bbl,88.1889763779528,90.9167506500606,-2.72777427210784
2023-07-10,avg_sing_hou_bbl,89.2913385826772,89.7895616922696,-0.498223109592416
2023-07-11,avg_sing_hou_bbl,88.503937007874,92.3707706742917,-3.86683366641763
2023-07-12,avg_sing_hou_bbl,89.6850393700788,93.6717575471574,-3.98671817707867
2023-07-13,avg_sing_hou_bbl,90,95.0409636222819,-5.04096362228188
2023-07-14,avg_sing_hou_bbl,90.1968503937008,92.8207153009035,-2.62386490720267
2023-07-17,avg_sing_hou_bbl,89.2913385826772,90.9111724731289,-1.61983389045167
2023-07-18,avg_sing_hou_bbl,88.4645669291339,93.082647552489,-4.61808062335517
2023-07-19,avg_sing_hou_bbl,89.251968503937,92.566593956815,-3.31462545287796
2023-07-20,avg_sing_hou_bbl,89.5669291338583,92.8626014270157,-3.29567229315745
2023-07-21,avg_sing_hou_bbl,90,94.8008733214839,-4.80087332148386
2023-07-24,avg_sing_hou_bbl,91.4173228346457,97.0917543351242,-5.67443150047853
2023-07-25,avg_sing_hou_bbl,92.0472440944882,98.2334121137704,-6.18616801928221
2023-07-26,avg_sing_hou_bbl,92.5984251968504,97.0376145292116,-4.43918933236121
2023-07-27,avg_sing_hou_bbl,94.4488188976378,98.3066573714789,-3.8578384738411
2023-07-28,avg_sing_hou_bbl,94.6850393700787,98.5479312700932,-3.86289190001443
2023-07-31,avg_sing_hou_bbl,95.8267716535433,100.037240421078,-4.21046876753518
2023-08-01,avg_sing_hou_bbl,96.4566929133859,99.2942452870904,-2.83755237370454
2023-08-02,avg_sing_hou_bbl,97.6771653543307,96.5264375629108,1.1507277914199
2023-08-03,avg_sing_hou_bbl,96.7322834645669,99.3646766406789,-2.63239317611199
2023-08-04,avg_sing_hou_bbl,97.992125984252,100.885106043292,-2.89298005904033
2023-08-07,avg_sing_hou_bbl,98.740157480315,99.5236845867455,-0.783527106430526
2023-08-08,avg_sing_hou_bbl,98.1496062992126,100.672415021403,-2.5228087221905
2023-08-09,avg_sing_hou_bbl,99.6456692913386,102.303167533623,-2.65749824228455
2023-08-10,avg_sing_hou_bbl,102.40157480315,99.899226118615,2.50234868453462
2023-08-11,avg_sing_hou_bbl,101.338582677165,100.15060227699,1.18798040017531
2023-08-14,avg_sing_hou_bbl,101.338582677165,99.0269555781284,2.31162709903693
2023-08-15,avg_sing_hou_bbl,100.590551181102,96.8444188912955,3.74613228980685
2023-08-16,avg_sing_hou_bbl,100.157480314961,94.5243009057829,5.63317940917773
2023-08-17,avg_sing_hou_bbl,99.6456692913386,95.89090081031,3.75476848102859
2023-08-18,avg_sing_hou_bbl,99.9212598425197,97.0504885546288,2.87077128789095
2023-08-21,avg_sing_hou_bbl,100.866141732283,96.2268024873418,4.63933924494167
2023-08-22,avg_sing_hou_bbl,99.5669291338583,95.5618340081326,4.0050951257257
2023-08-23,avg_sing_hou_bbl,98.9763779527559,93.7557334339851,5.22064451877081
2023-08-24,avg_sing_hou_bbl,98.3464566929134,94.6751931419003,3.6712635510131
2023-08-25,avg_sing_hou_bbl,98.8976377952756,96.0813131619163,2.81632463335924
2023-08-29,avg_sing_hou_bbl,100.354330708661,97.0516606381277,3.30267007053376
2023-08-30,avg_sing_hou_bbl,100.472440944882,97.8247280957365,2.64771284914538
2023-08-31,avg_sing_hou_bbl,100.866141732283,100.546974854343,0.319166877940773
2023-09-01,avg_sing_hou_bbl,101.456692913386,103.308863671867,-1.85217075848072
2023-09-05,avg_sing_hou_bbl,102.283464566929,105.052474445022,-2.76900987809272
2023-09-06,avg_sing_hou_bbl,102.244094488189,106.255560834746,-4.01146634655727
2023-09-07,avg_sing_hou_bbl,103.425196850394,105.419947379377,-1.99475052898346
2023-09-08,avg_sing_hou_bbl,103.503937007874,106.347191155707,-2.8432541478328
2023-09-11,avg_sing_hou_bbl,103.661417322835,106.136347899948,-2.474930577113
2023-09-12,avg_sing_hou_bbl,104.133858267717,108.361892393323,-4.22803412560683
2023-09-13,avg_sing_hou_bbl,104.173228346457,108.065173937053,-3.89194559059591
2023-09-14,avg_sing_hou_bbl,105.393700787402,110.251709641547,-4.85800885414591
2023-09-15,avg_sing_hou_bbl,106.023622047244,111.152344590764,-5.12872254351949
2023-09-18,avg_sing_hou_bbl,106.338582677165,112.010469593085,-5.67188691591949
2023-09-19,avg_sing_hou_bbl,105.984251968504,111.633241989689,-5.64899002118543
2023-09-20,avg_sing_hou_bbl,105.472440944882,109.002317716275,-3.5298767713934
2023-09-21,avg_sing_hou_bbl,104.330708661417,109.583698439159,-5.25298977774135
2023-09-22,avg_sing_hou_bbl,104.724409448819,110.32497388117,-5.60056443235148
2023-09-25,avg_sing_hou_bbl,104.251968503937,109.949940627225,-5.69797212328808
2023-09-26,avg_sing_hou_bbl,104.055118110236,112.396784552725,-8.3416664424889
2023-09-27,avg_sing_hou_bbl,105.590551181102,115.4452293359,-9.85467815479808
2023-09-28,avg_sing_hou_bbl,105.669291338583,112.518226054956,-6.84893471637292
2023-09-29,avg_sing_hou_bbl,105.669291338583,111.150491785223,-5.48120044664057
2023-10-02,avg_sing_hou_bbl,105.196850393701,108.246000527216,-3.04915013351493
2023-10-03,avg_sing_hou_bbl,104.055118110236,108.80168556066,-4.74656745042373
2023-10-04,avg_sing_hou_bbl,102.677165354331,101.853510023248,0.82365533108279
2023-10-05,avg_sing_hou_bbl,97.7952755905512,99.0150077972953,-1.21973220674415
2023-10-06,avg_sing_hou_bbl,96.0629921259843,99.6965937472798,-3.63360162129557
2023-10-10,avg_sing_hou_bbl,100.196850393701,103.842084632434,-3.64523423873349
2023-10-11,avg_sing_hou_bbl,100.11811023622,100.655891662679,-0.537781426458139
2023-10-12,avg_sing_hou_bbl,100.275590551181,99.4723495271067,0.803241024074396
2023-10-13,avg_sing_hou_bbl,100.944881889764,106.110073658546,-5.16519176878224
2023-10-16,avg_sing_hou_bbl,103.582677165354,104.601905152344,-1.01922798698968
2023-10-17,avg_sing_hou_bbl,102.755905511811,104.691150303508,-1.9352447916968
2023-10-18,avg_sing_hou_bbl,103.661417322835,107.09085991382,-3.42944259098523
2023-10-19,avg_sing_hou_bbl,103.543307086614,108.55598905557,-5.01268196895565
2023-10-20,avg_sing_hou_bbl,103.897637795276,108.321791777165,-4.42415398188901
2023-10-23,avg_sing_hou_bbl,103.976377952756,103.489778561985,0.486599390771019
2023-10-24,avg_sing_hou_bbl,101.850393700787,102.384893947625,-0.534500246837865
2023-10-25,avg_sing_hou_bbl,101.141732283465,104.677980167583,-3.53624788411847
2023-10-26,avg_sing_hou_bbl,100.944881889764,101.754227994888,-0.809346105124703
2023-10-27,avg_sing_hou_bbl,100.787401574803,105.189592531625,-4.4021909568214
2023-10-30,avg_sing_hou_bbl,101.102362204724,101.434075588622,-0.331713383897807
2023-10-31,avg_sing_hou_bbl,101.574803149606,99.9303905388832,1.64441261072314
2023-11-01,avg_sing_hou_bbl,103.228346456693,99.5283919830406,3.69995447365228
2023-11-02,avg_sing_hou_bbl,101.929133858268,102.614086234339,-0.684952376071706
2023-11-03,avg_sing_hou_bbl,102.362204724409,100.367427391951,1.99477733245837
2023-11-06,avg_sing_hou_bbl,101.692913385827,101.183502139795,0.509411246032002
2023-11-07,avg_sing_hou_bbl,99.8425196850394,96.4678862872539,3.37463339778546
2023-11-08,avg_sing_hou_bbl,98.9370078740158,93.8832293166288,5.05377855738702
2023-11-09,avg_sing_hou_bbl,97.5196850393701,95.0005266984095,2.51915834096054
2023-11-13,avg_sing_hou_bbl,99.0157480314961,98.8555703126714,0.160177718824684
2023-11-14,avg_sing_hou_bbl,100.590551181102,99.1889333847638,1.40161779633857
2023-11-15,avg_sing_hou_bbl,99.7244094488189,96.9627067487986,2.76170270002035
2023-11-16,avg_sing_hou_bbl,99.0157480314961,92.0864685684679,6.9292794630282
2023-11-17,avg_sing_hou_bbl,97.992125984252,96.2701952218657,1.72193076238625
2023-11-20,avg_sing_hou_bbl,100.11811023622,98.4340660485223,1.68404418769816
2023-11-21,avg_sing_hou_bbl,101.181102362205,98.6486635718358,2.53243879036896
2023-11-22,avg_sing_hou_bbl,101.259842519685,96.4952878088818,4.7645547108033
2023-11-24,avg_sing_hou_bbl,99.7637795275591,93.6960950072726,6.06768452028649
2023-11-27,avg_sing_hou_bbl,97.1653543307087,93.1482482685475,4.01710606216113
2023-11-28,avg_sing_hou_bbl,96.259842519685,95.593963913873,0.665878605812054
2023-11-29,avg_sing_hou_bbl,97.5590551181102,97.7439788227658,-0.184923704655546
2023-11-30,avg_sing_hou_bbl,98.8976377952756,95.2185435416522,3.67909425362342
2023-12-01,avg_sing_hou_bbl,98.2283464566929,92.6686416652248,5.55970479146808
2023-12-04,avg_sing_hou_bbl,95.8267716535433,91.5057840042014,4.32098764934193
2023-12-05,avg_sing_hou_bbl,94.488188976378,90.6200589270661,3.86813004931182
2023-12-06,avg_sing_hou_bbl,93.1102362204724,86.5916925132886,6.51854370718381
2023-12-07,avg_sing_hou_bbl,90.6299212598425,86.8205775728011,3.80934368704139
2023-12-08,avg_sing_hou_bbl,89.9212598425197,89.5897138567526,0.331545985767107
2023-12-11,avg_sing_hou_bbl,90.748031496063,89.8660373439564,0.881994152106643
2023-12-12,avg_sing_hou_bbl,89.488188976378,86.4647930836329,3.02339589274507
2023-12-13,avg_sing_hou_bbl,87.992125984252,87.8277002674283,0.164425716823686
2023-12-14,avg_sing_hou_bbl,88.4645669291339,90.8775553229463,-2.4129883938124
2023-12-15,avg_sing_hou_bbl,90.748031496063,90.7864646690412,-0.0384331729782161
2023-12-18,avg_sing_hou_bbl,91.2204724409449,92.536421774765,-1.31594933382014
2023-12-19,avg_sing_hou_bbl,92.2834645669291,94.0007874330039,-1.71732286607478
2023-12-20,avg_sing_hou_bbl,93.2677165354331,94.9601966453098,-1.6924801098767
2023-12-21,avg_sing_hou_bbl,93.7007874015748,94.4598332140678,-0.759045812493
2023-12-22,avg_sing_hou_bbl,94.251968503937,93.8625255786303,0.389442925306668
2023-12-27,avg_sing_hou_bbl,94.6456692913386,95.0840455152998,-0.438376223961214
2023-12-28,avg_sing_hou_bbl,93.6220472440945,91.7964055982639,1.82564164583061
2023-12-29,avg_sing_hou_bbl,93.3464566929134,91.5513906564492,1.79506603646425
2024-01-02,avg_sing_hou_bbl,92.2047244094488,89.7485664330029,2.45615797644597
2024-01-03,avg_sing_hou_bbl,91.6929133858268,92.7557474131813,-1.06283402735453
2024-01-04,avg_sing_hou_bbl,93.0708661417323,91.7901271939337,1.28073894779862
2024-01-05,avg_sing_hou_bbl,93.1496062992126,93.9251280456847,-0.775521746472066
2024-01-08,avg_sing_hou_bbl,92.3228346456693,89.7310246111663,2.59181003450298
2024-01-09,avg_sing_hou_bbl,91.8897637795276,91.6100471264772,0.279716653050386
2024-01-10,avg_sing_hou_bbl,92.007874015748,90.332890087566,1.67498392818209
2024-01-11,avg_sing_hou_bbl,91.9685039370079,91.027371503499,0.941132433508884
2024-01-12,avg_sing_hou_bbl,93.2283464566929,92.0751937173938,1.15315273929916
2024-01-16,avg_sing_hou_bbl,92.755905511811,91.6629234158961,1.09298209591489
2024-01-17,avg_sing_hou_bbl,92.9527559055118,91.8907154446562,1.06204046085564
2024-01-18,avg_sing_hou_bbl,93.9370078740158,93.9994346691304,-0.0624267951146607
2024-01-19,avg_sing_hou_bbl,95.3937007874016,93.0561744383244,2.33752634907718
2024-01-22,avg_sing_hou_bbl,95.748031496063,95.071215001241,0.676816494821964
2024-01-23,avg_sing_hou_bbl,96.4173228346457,94.043569052698,2.37375378194773
2024-01-24,avg_sing_hou_bbl,96.3385826771654,94.852590795994,1.48599188117136
2024-01-25,avg_sing_hou_bbl,97.5590551181103,98.0922390200184,-0.533183901908132
2024-01-26,avg_sing_hou_bbl,100.11811023622,98.6095211722623,1.5085890639582
2024-01-29,avg_sing_hou_bbl,101.377952755906,96.601023329818,4.77692942608753
2024-01-30,avg_sing_hou_bbl,101.811023622047,97.7572732712921,4.05375035075514
2024-01-31,avg_sing_hou_bbl,101.771653543307,94.762245667312,7.00940787599505
2024-02-01,avg_sing_hou_bbl,100,92.0021611727316,7.99783882726838
2024-02-02,avg_sing_hou_bbl,99.6062992125984,89.6853346141992,9.92096459839922
2024-02-05,avg_sing_hou_bbl,99.0551181102362,90.316906821089,8.73821128914723
2024-02-06,avg_sing_hou_bbl,99.0551181102362,91.1275330440607,7.92758506617554
2024-02-07,avg_sing_hou_bbl,98.8582677165354,91.6912116788656,7.16705603766981
2024-02-08,avg_sing_hou_bbl,99.6456692913386,95.0364093369031,4.6092599544355
2024-02-09,avg_sing_hou_bbl,101.181102362205,95.876143940358,5.30495842184673
2024-02-12,avg_sing_hou_bbl,100.708661417323,95.9384498179585,4.77021159936432
2024-02-13,avg_sing_hou_bbl,101.653543307087,97.252448809535,4.4010944975516
2024-02-14,avg_sing_hou_bbl,101.338582677165,95.5763277427607,5.76225493440469
2024-02-15,avg_sing_hou_bbl,100.590551181102,97.4938000578252,3.09675112327719
2024-02-16,avg_sing_hou_bbl,101.653543307087,99.0804642095201,2.57307909756649
2024-02-20,avg_sing_hou_bbl,100.984251968504,97.8467679045857,3.13748406391825
2024-02-21,avg_sing_hou_bbl,100.472440944882,98.0327757919913,2.43966515289063
2024-02-22,avg_sing_hou_bbl,100.748031496063,99.0116583539421,1.7363731421209
2024-02-23,avg_sing_hou_bbl,100.708661417323,96.0951771342143,4.61348428310852
2024-02-26,avg_sing_hou_bbl,99.6062992125984,97.2719980494085,2.33430116318991
2024-02-27,avg_sing_hou_bbl,99.8425196850394,98.8797157187752,0.962803966264204
2024-02-28,avg_sing_hou_bbl,100.511811023622,98.1834618851792,2.32834913844282
2024-02-29,avg_sing_hou_bbl,100.393700787402,97.7180311403509,2.67566964705065
2024-03-01,avg_sing_hou_bbl,100.354330708661,99.9249372237787,0.429393484882681
2024-03-04,avg_sing_hou_bbl,101.181102362205,98.1040416610468,3.07706070115796
2024-03-05,avg_sing_hou_bbl,101.181102362205,97.330717036536,3.85038532566875
2024-03-06,avg_sing_hou_bbl,100.708661417323,98.6914204237299,2.01724099359301
2024-03-07,avg_sing_hou_bbl,100.748031496063,98.3493165764289,2.39871491963413
2024-03-08,avg_sing_hou_bbl,100.472440944882,97.2853827459974,3.18705819888456
2024-03-11,avg_sing_hou_bbl,99.9212598425197,97.3225593052948,2.59870053722493
2024-03-12,avg_sing_hou_bbl,100.433070866142,96.8954156986972,3.53765516744458
2024-03-13,avg_sing_hou_bbl,100.11811023622,100.027643948411,0.0904662878092495
2024-03-14,avg_sing_hou_bbl,101.220472440945,102.07983641589,-0.859363974945495
2024-03-15,avg_sing_hou_bbl,101.614173228346,101.642605890015,-0.0284326616681625
2024-03-18,avg_sing_hou_bbl,102.874015748032,103.804157117791,-0.930141369759752
2024-03-19,avg_sing_hou_bbl,103.031496062992,104.543329181485,-1.51183311849319
2024-03-20,avg_sing_hou_bbl,103.464566929134,102.089906754336,1.37466017479811
2024-03-21,avg_sing_hou_bbl,102.204724409449,100.813878000891,1.39084640855761
2024-03-22,avg_sing_hou_bbl,102.086614173228,99.4869806435367,2.59963352969162
2024-03-25,avg_sing_hou_bbl,102.322834645669,101.251438225474,1.071396420195
2024-03-26,avg_sing_hou_bbl,102.244094488189,101.155070871594,1.08902361659463
2024-03-27,avg_sing_hou_bbl,101.811023622047,100.710089198308,1.1009344237396
2024-03-28,avg_sing_hou_bbl,101.535433070866,103.074508817021,-1.53907574615451
2024-04-02,avg_sing_hou_bbl,102.59842519685,105.697518327269,-3.09909313041852
2024-04-03,avg_sing_hou_bbl,103.425196850394,105.993021093956,-2.56782424356238
2024-04-04,avg_sing_hou_bbl,103.110236220472,107.418931086666,-4.30869486619397
2024-04-05,avg_sing_hou_bbl,103.149606299213,107.73170430132,-4.58209800210754
2024-04-08,avg_sing_hou_bbl,102.913385826772,107.014312443583,-4.10092661681102
2024-04-09,avg_sing_hou_bbl,102.322834645669,105.242059943838,-2.91922529816848
2024-04-10,avg_sing_hou_bbl,102.44094488189,106.515249131694,-4.07430424980427
2024-04-11,avg_sing_hou_bbl,102.165354330709,104.904254092206,-2.73889976149711
2024-04-12,avg_sing_hou_bbl,101.968503937008,105.869160863986,-3.90065692697843
2024-04-15,avg_sing_hou_bbl,101.889763779528,105.47663047805,-3.58686669852251
2024-04-16,avg_sing_hou_bbl,101.535433070866,105.384745811135,-3.84931274026847
2024-04-17,avg_sing_hou_bbl,101.102362204724,101.775332797537,-0.672970592812945
2024-04-18,avg_sing_hou_bbl,101.062992125984,101.59896874312,-0.535976617136029
2024-04-19,avg_sing_hou_bbl,100.196850393701,101.938266524642,-1.74141613094152
2024-04-22,avg_sing_hou_bbl,100.03937007874,101.893743663911,-1.85437358517081
2024-04-23,avg_sing_hou_bbl,100.551181102362,102.276224639603,-1.72504353724095
2024-04-24,avg_sing_hou_bbl,99.7244094488189,102.060422572563,-2.33601312374445
2024-04-25,avg_sing_hou_bbl,100.275590551181,103.053858945299,-2.77826839411753
2024-04-26,avg_sing_hou_bbl,100.433070866142,103.638212429574,-3.2051415634327
2024-04-29,avg_sing_hou_bbl,100.748031496063,102.050062895899,-1.30203139983625
2024-04-30,avg_sing_hou_bbl,99.6062992125984,101.007168416653,-1.40086920405456
2024-05-01,avg_sing_hou_bbl,98.6614173228347,97.204273417112,1.45714390572262
2024-05-02,avg_sing_hou_bbl,96.8110236220473,97.220133353398,-0.409109731350767
2024-05-03,avg_sing_hou_bbl,96.0629921259843,96.0134356738384,0.0495564521458221
2024-05-07,avg_sing_hou_bbl,95.9842519685039,96.4951676237603,-0.510915655256383
2024-05-08,avg_sing_hou_bbl,95.3149606299213,97.2999241415127,-1.98496351159145
2024-05-09,avg_sing_hou_bbl,96.1023622047244,97.6880362802499,-1.58567407552552
2024-05-10,avg_sing_hou_bbl,96.9685039370079,96.2608115076563,0.707692429351624
2024-05-13,avg_sing_hou_bbl,95.8661417322835,97.4965148351988,-1.63037310291536
2024-05-14,avg_sing_hou_bbl,95.8661417322835,96.0462311565098,-0.180089424226281
2024-05-15,avg_sing_hou_bbl,95.1574803149606,97.0194316726646,-1.86195135770396
2024-05-16,avg_sing_hou_bbl,95.9842519685039,98.0522520059465,-2.06800003744254
2024-05-17,avg_sing_hou_bbl,95.748031496063,99.3728816528605,-3.62485015679754
2024-05-20,avg_sing_hou_bbl,96.0236220472441,99.1893780757919,-3.16575602854778
2024-05-21,avg_sing_hou_bbl,95.3937007874016,98.3045278240226,-2.910827036621
2024-05-22,avg_sing_hou_bbl,94.5275590551181,96.3264949133148,-1.79893585819671
2024-05-23,avg_sing_hou_bbl,93.6614173228346,94.1706615214216,-0.50924419858697
2024-05-24,avg_sing_hou_bbl,92.4015748031496,95.6683178864333,-3.26674308328373
2024-05-28,avg_sing_hou_bbl,93.6614173228346,99.1670476913396,-5.50563036850495
2024-05-29,avg_sing_hou_bbl,94.7637795275591,98.3923840293926,-3.62860450183355
2024-05-30,avg_sing_hou_bbl,94.3307086614173,96.7957871218103,-2.465078460393
2024-05-31,avg_sing_hou_bbl,93.3070866141732,95.4666371344491,-2.1595505202758
2024-06-03,avg_sing_hou_bbl,92.6377952755906,91.7671360046547,0.870659270935818
2024-06-04,avg_sing_hou_bbl,90.8661417322835,90.5218418175499,0.344299914733568
2024-06-05,avg_sing_hou_bbl,89.8031496062992,91.7400695541226,-1.9369199478234
2024-06-06,avg_sing_hou_bbl,89.488188976378,93.8161162836404,-4.32792730726246
2024-06-07,avg_sing_hou_bbl,90.6692913385827,93.8283944438676,-3.1591031052849
2024-06-10,avg_sing_hou_bbl,90.3937007874016,96.922830245086,-6.52912945768446
2024-06-11,avg_sing_hou_bbl,91.3779527559055,97.0581363623863,-5.68018360648077
2024-06-12,avg_sing_hou_bbl,91.9291338582677,97.9283334128302,-5.99919955456242
2024-06-13,avg_sing_hou_bbl,92.3622047244095,97.8969981124536,-5.53479338804419
2024-06-14,avg_sing_hou_bbl,92.5984251968504,97.4302423420206,-4.83181714517018
2024-06-17,avg_sing_hou_bbl,92.7165354330709,99.878347965865,-7.16181253279414
2024-06-18,avg_sing_hou_bbl,93.8976377952756,101.443214381322,-7.54557658604671
2024-06-20,avg_sing_hou_bbl,94.6062992125984,102.136380025,-7.53008081240112
2024-06-21,avg_sing_hou_bbl,95.0393700787402,99.6958859758125,-4.65651589707231
2024-06-24,avg_sing_hou_bbl,95.5905511811024,100.850622435871,-5.26007125476846
2024-06-25,avg_sing_hou_bbl,97.1653543307087,99.8074594292345,-2.64210509852582
2024-06-26,avg_sing_hou_bbl,96.3779527559055,100.006994127189,-3.62904137128388
2024-06-27,avg_sing_hou_bbl,97.1259842519685,101.058605805639,-3.93262155367
2024-06-28,avg_sing_hou_bbl,97.6377952755906,100.640360265636,-3.00256499004522
2024-07-01,avg_sing_hou_bbl,97.007874015748,103.053299588899,-6.04542557315112
2024-07-02,avg_sing_hou_bbl,98.9763779527559,102.109854321529,-3.13347636877333
2024-07-03,avg_sing_hou_bbl,98.8582677165354,103.464089626449,-4.60582190991342
2024-07-05,avg_sing_hou_bbl,98.7795275590551,102.273600620177,-3.49407306112178
2024-07-08,avg_sing_hou_bbl,98.6614173228347,100.941681958968,-2.28026463613375
2024-07-09,avg_sing_hou_bbl,97.9527559055118,99.6158351598756,-1.66307925436381
2024-07-10,avg_sing_hou_bbl,97.3228346456693,100.321880722529,-2.99904607686008
2024-07-11,avg_sing_hou_bbl,97.4015748031496,101.015587226832,-3.61401242368234
2024-07-12,avg_sing_hou_bbl,97.755905511811,100.397678826928,-2.64177331511701
2024-07-15,avg_sing_hou_bbl,97.4409448818898,99.9490102579426,-2.50806537605284
2024-07-16,avg_sing_hou_bbl,96.3385826771654,98.0547455129467,-1.71616283578133
2024-07-17,avg_sing_hou_bbl,96.0629921259843,100.904491035605,-4.84149890962101
2024-07-18,avg_sing_hou_bbl,96.8110236220473,100.60979209443,-3.79876847238303
2024-07-19,avg_sing_hou_bbl,96.5748031496063,96.6269507809539,-0.0521476313476228
2024-07-22,avg_sing_hou_bbl,95.2755905511811,96.2740312857338,-0.998440734552688
2024-07-23,avg_sing_hou_bbl,94.2913385826772,92.0063022714686,2.28503631120854
2024-07-24,avg_sing_hou_bbl,94.0157480314961,92.7793502284126,1.23639780308352
2024-07-25,avg_sing_hou_bbl,93.503937007874,93.6840762520389,-0.180139244164906
2024-07-26,avg_sing_hou_bbl,93.4645669291339,92.5345966391356,0.929970289998309
2024-07-29,avg_sing_hou_bbl,93.9763779527559,90.8146537507045,3.16172420205139
2024-07-30,avg_sing_hou_bbl,92.8740157480315,89.3992480968017,3.47476765122978
2024-07-31,avg_sing_hou_bbl,92.9133858267717,93.9998372954539,-1.08645146868224
2024-08-01,avg_sing_hou_bbl,93.9763779527559,91.9217821141177,2.05459583863818
2024-08-02,avg_sing_hou_bbl,92.8346456692914,88.318446203063,4.5161994662284
2024-08-05,avg_sing_hou_bbl,90,87.7635795122571,2.23642048774292
2024-08-06,avg_sing_hou_bbl,89.3700787401575,88.2031684836877,1.16691025646983
2024-08-07,avg_sing_hou_bbl,89.251968503937,91.3617185969078,-2.10975009297081
2024-08-08,avg_sing_hou_bbl,90.1968503937008,93.0083617730801,-2.81151137937934
2024-08-09,avg_sing_hou_bbl,90.2362204724409,94.2203893114415,-3.98416883900052
2024-08-12,avg_sing_hou_bbl,91.8503937007874,98.8399064201517,-6.98951271936427
2024-08-13,avg_sing_hou_bbl,93.740157480315,96.8345309542745,-3.09437347395956
2024-08-14,avg_sing_hou_bbl,92.755905511811,95.2344198189,-2.47851430708901
2024-08-15,avg_sing_hou_bbl,92.4015748031496,97.1824527795192,-4.78087797636961
2024-08-16,avg_sing_hou_bbl,92.2047244094488,95.1982561204787,-2.99353171102982
2024-08-19,avg_sing_hou_bbl,91.4566929133858,92.3679349991398,-0.911242085753912
2024-08-20,avg_sing_hou_bbl,90.5511811023622,91.8248429660917,-1.27366186372944
2024-08-21,avg_sing_hou_bbl,90.5905511811024,88.632872795954,1.95767838514838
2024-08-22,avg_sing_hou_bbl,90.748031496063,90.2291543709976,0.518877125065359
2024-08-23,avg_sing_hou_bbl,92.1653543307087,93.3340180802091,-1.16866374950044
2024-08-27,avg_sing_hou_bbl,94.8425196850394,94.4296466142728,0.412873070766622
2024-08-28,avg_sing_hou_bbl,93.9763779527559,93.10544841951,0.870929533245956
2024-08-29,avg_sing_hou_bbl,92.9527559055118,95.2358493242446,-2.28309341873279
2024-08-30,avg_sing_hou_bbl,93.5433070866142,92.1441298795407,1.39917720707346
2024-09-03,avg_sing_hou_bbl,93.1102362204724,87.7506507176654,5.35958550280709
2024-09-04,avg_sing_hou_bbl,90.6299212598425,86.245769591666,4.38415166817656
2024-09-05,avg_sing_hou_bbl,91.0629921259843,86.2476499424414,4.81534218354291
2024-09-06,avg_sing_hou_bbl,90.8267716535433,84.1632175404149,6.66355411312846
2024-09-09,avg_sing_hou_bbl,88.2283464566929,85.6654890976586,2.56285735903434
2024-09-10,avg_sing_hou_bbl,86.5354330708662,81.6030984539473,4.93233461691885
2024-09-11,avg_sing_hou_bbl,85.0787401574803,83.6837440015124,1.39499615596792
2024-09-12,avg_sing_hou_bbl,84.8031496062992,85.9247671754844,-1.1216175691852
2024-09-13,avg_sing_hou_bbl,85.1574803149606,85.5788485363367,-0.421368221376014
2024-09-16,avg_sing_hou_bbl,85.1968503937008,87.6549697622432,-2.45811936854243
2024-09-17,avg_sing_hou_bbl,86.6535433070866,88.9480418930321,-2.29449858594545
2024-09-18,avg_sing_hou_bbl,86.4173228346457,88.3626088719327,-1.94528603728702
2024-09-19,avg_sing_hou_bbl,87.1259842519685,89.5656624014775,-2.43967814950901
2024-09-20,avg_sing_hou_bbl,88.1889763779528,89.2922197046869,-1.10324332673417
2024-09-23,avg_sing_hou_bbl,88.6220472440945,87.323448287336,1.29859895675847
2024-09-24,avg_sing_hou_bbl,89.2125984251969,88.7341610811106,0.478437344086245
2024-09-25,avg_sing_hou_bbl,88.7795275590551,86.2815198021675,2.49800775688765
2024-09-26,avg_sing_hou_bbl,86.3779527559055,83.5142654814993,2.86368727440619
2024-09-27,avg_sing_hou_bbl,85.5118110236221,84.2387157747451,1.273095248877
2024-09-30,avg_sing_hou_bbl,85.9448818897638,84.4606483456018,1.48423354416204
2024-10-01,avg_sing_hou_bbl,84.8425196850394,86.9372168711822,-2.09469718614282
2024-10-02,avg_sing_hou_bbl,88.0708661417323,87.4522160667119,0.618650075020412
2024-10-03,avg_sing_hou_bbl,88.1889763779528,92.4757498802357,-4.28677350228298
2024-10-04,avg_sing_hou_bbl,90.9448818897638,93.1838886797423,-2.23900678997852
2024-10-07,avg_sing_hou_bbl,91.6535433070866,96.9998997150745,-5.34635640798784
2024-10-08,avg_sing_hou_bbl,91.6929133858268,92.1552064347703,-0.462293048943465
2024-10-09,avg_sing_hou_bbl,90.9055118110236,91.6725048734359,-0.766993062412212
2024-10-10,avg_sing_hou_bbl,91.6141732283465,95.3562544407506,-3.74208121240414
2024-10-11,avg_sing_hou_bbl,93.3464566929134,94.9436805409547,-1.5972238480413
2024-10-15,avg_sing_hou_bbl,89.5275590551181,88.0573068983241,1.47025215679405
2024-10-16,avg_sing_hou_bbl,88.740157480315,87.5451967774553,1.19496070285965
2024-10-17,avg_sing_hou_bbl,88.740157480315,87.703283822612,1.03687365770293
2024-10-18,avg_sing_hou_bbl,88.6614173228347,85.4139711081851,3.24744621464957
2024-10-21,avg_sing_hou_bbl,88.4251968503937,87.039351768954,1.38584508143975
2024-10-22,avg_sing_hou_bbl,88.740157480315,89.0932310794018,-0.353073599086827
2024-10-23,avg_sing_hou_bbl,90,86.694987826978,3.30501217302205
2024-10-24,avg_sing_hou_bbl,90.7086614173229,85.3392190114117,5.3694424059112
2024-10-25,avg_sing_hou_bbl,90.3543307086614,87.1979311593922,3.1563995492692
2024-10-28,avg_sing_hou_bbl,87.7165354330709,80.9915934040679,6.72494202900296
2024-10-29,avg_sing_hou_bbl,86.496062992126,80.7120625070145,5.78400048511151
2024-10-30,avg_sing_hou_bbl,87.3228346456693,82.6723351391414,4.65049950652794
2024-10-31,avg_sing_hou_bbl,87.3622047244095,83.5049671066611,3.85723761774838
2024-11-01,avg_sing_hou_bbl,88.2283464566929,83.7940947237595,4.43425173293339
2024-11-04,avg_sing_hou_bbl,89.2913385826772,86.5007455823007,2.79059300037645
2024-11-05,avg_sing_hou_bbl,90.1574803149606,86.9915852758347,3.16589503912596
2024-11-06,avg_sing_hou_bbl,90.3543307086614,86.6147662988078,3.73956440985359
2024-11-07,avg_sing_hou_bbl,90.3149606299213,87.5464735759599,2.76848705396141
2024-11-08,avg_sing_hou_bbl,89.8818897637795,84.643112598748,5.23877716503156
2024-11-12,avg_sing_hou_bbl,88.2283464566929,81.4835517085992,6.74479474809375
2024-11-13,avg_sing_hou_bbl,87.7165354330709,81.9567464333816,5.75978899968924
2024-11-14,avg_sing_hou_bbl,87.9527559055118,82.404956266364,5.54779963914785
2024-11-15,avg_sing_hou_bbl,87.6771653543307,80.2853229710157,7.39184238331504
2024-11-18,avg_sing_hou_bbl,86.8503937007874,83.4679504923548,3.38244320843258
2024-11-19,avg_sing_hou_bbl,87.4409448818898,84.0883429775388,3.35260190435102
2024-11-20,avg_sing_hou_bbl,87.9527559055118,83.7243132771603,4.22844262835147
2024-11-21,avg_sing_hou_bbl,88.1496062992126,85.4821915806343,2.6674147185783
2024-11-22,avg_sing_hou_bbl,88.740157480315,87.4090853340469,1.33107214626807
2024-11-25,avg_sing_hou_bbl,88.5826771653544,84.4627970354379,4.1198801299164
2024-11-26,avg_sing_hou_bbl,87.992125984252,84.1975160183688,3.79460996588321
2024-11-27,avg_sing_hou_bbl,87.0472440944882,84.2293897862718,2.81785430821638
2024-11-29,avg_sing_hou_bbl,86.8503937007874,83.2289543155582,3.62143938522922
2024-12-02,avg_sing_hou_bbl,86.496062992126,83.4062201313647,3.08984286076132
2024-12-03,avg_sing_hou_bbl,86.6141732283465,85.9532760849867,0.660897143359776
2024-12-04,avg_sing_hou_bbl,87.4803149606299,84.2388360197282,3.24147894090171
2024-12-05,avg_sing_hou_bbl,87.007874015748,84.1142092550313,2.89366476071673
2024-12-06,avg_sing_hou_bbl,85.9448818897638,84.1859202561039,1.75896163365987
2024-12-09,avg_sing_hou_bbl,85.1181102362205,84.331704869199,0.78640536702143
2024-12-10,avg_sing_hou_bbl,84.6456692913386,84.6415872902452,0.00408200109337997
2024-12-11,avg_sing_hou_bbl,85.2362204724409,86.8218878202204,-1.58566734777946
2024-12-12,avg_sing_hou_bbl,86.3385826771654,86.074494706935,0.264087970230378
2024-12-13,avg_sing_hou_bbl,86.5748031496063,87.7022861448728,-1.12748299526652
2024-12-16,avg_sing_hou_bbl,87.2834645669292,86.8676441505797,0.415820416349462
2024-12-17,avg_sing_hou_bbl,87.0472440944882,85.692732573633,1.35451152085524
2024-12-18,avg_sing_hou_bbl,86.6535433070866,86.2848563982691,0.368686908817523
2024-12-19,avg_sing_hou_bbl,86.1811023622047,85.389413394739,0.791688967465717
2024-12-20,avg_sing_hou_bbl,86.0236220472441,84.9198619011893,1.10376014605481
2024-12-23,avg_sing_hou_bbl,85.9448818897638,84.6957899856752,1.24909190408863
2024-12-24,avg_sing_hou_bbl,86.496062992126,86.6248264077253,-0.128763415599352
2024-12-27,avg_sing_hou_bbl,87.4803149606299,87.1005360909609,0.379778869669039
2024-12-30,avg_sing_hou_bbl,88.0314960629921,87.5847335855302,0.446762477461903
2024-12-31,avg_sing_hou_bbl,88.8976377952756,88.4438415655859,0.453796229689729
2025-01-02,avg_sing_hou_bbl,88.4645669291339,90.1295008780462,-1.66493394891229
2025-01-03,avg_sing_hou_bbl,88.8582677165354,91.1462186124206,-2.28795089588512
2025-01-06,avg_sing_hou_bbl,89.4488188976378,90.6352838465294,-1.18646494889154
2025-01-07,avg_sing_hou_bbl,89.8425196850394,91.5248775335416,-1.68235784850225
2025-01-08,avg_sing_hou_bbl,90.1574803149606,90.0836223218374,0.0738579931232835
2025-01-10,avg_sing_hou_bbl,92.0472440944882,94.6140772305644,-2.56683313607623
2025-01-13,avg_sing_hou_bbl,94.0157480314961,97.6562124921943,-3.6404644606982
2025-01-14,avg_sing_hou_bbl,94.3307086614173,95.5616213407928,-1.23091267937544
2025-01-15,avg_sing_hou_bbl,94.0944881889764,98.8065449435359,-4.71205675455951
2025-01-16,avg_sing_hou_bbl,95.1968503937008,96.585090174751,-1.38823978105025
2025-01-17,avg_sing_hou_bbl,95.6299212598425,95.2569504215501,0.372970838292375
2025-01-21,avg_sing_hou_bbl,94.5669291338583,92.6760818997564,1.89084723410191
2025-01-22,avg_sing_hou_bbl,93.0708661417323,91.6310733347675,1.43979280696479
2025-01-23,avg_sing_hou_bbl,93.0314960629921,89.9916494075575,3.03984665543462
2025-01-24,avg_sing_hou_bbl,92.7952755905512,89.7865018101408,3.00877378041044
2025-01-27,avg_sing_hou_bbl,92.5196850393701,87.6453714251893,4.87431361418078
2025-01-28,avg_sing_hou_bbl,92.0472440944882,88.4234357060667,3.62380838842152
2025-01-29,avg_sing_hou_bbl,91.8503937007874,86.7012173576916,5.14917634309579
2025-01-30,avg_sing_hou_bbl,91.5354330708661,86.8880520101744,4.64738106069171
2025-01-31,avg_sing_hou_bbl,90.8661417322835,86.5213219551498,4.34481977713372
2025-02-03,avg_sing_hou_bbl,90.7874015748032,87.3868474026298,3.40055417217339
2025-02-04,avg_sing_hou_bbl,89.7244094488189,86.6638349346965,3.06057451412241
2025-02-05,avg_sing_hou_bbl,90.1574803149606,84.3341959243895,5.82328439057112
2025-02-06,avg_sing_hou_bbl,89.3307086614173,83.7273767081993,5.60333195321803
2025-02-07,avg_sing_hou_bbl,89.3307086614173,84.1677182755281,5.16299038588919
2025-02-10,avg_sing_hou_bbl,89.8031496062992,86.0980137175314,3.70513588876779
2025-02-11,avg_sing_hou_bbl,90.6299212598425,87.3733602007,3.25656105914251
2025-02-12,avg_sing_hou_bbl,90.3149606299213,84.6423051890992,5.67265544082204
2025-02-13,avg_sing_hou_bbl,88.8976377952756,84.6038880498429,4.29374974543265
2025-02-14,avg_sing_hou_bbl,88.5826771653544,83.8362606766087,4.74641648874564
2025-02-18,avg_sing_hou_bbl,88.8582677165354,85.5853804103894,3.27288730614607
2025-02-19,avg_sing_hou_bbl,89.3700787401575,86.2460475827159,3.12403115744159
2025-02-20,avg_sing_hou_bbl,89.6850393700787,86.7814074278443,2.90363194223441
2025-02-21,avg_sing_hou_bbl,89.4488188976378,83.9529921211699,5.49582677646791
2025-02-24,avg_sing_hou_bbl,87.9527559055118,84.5418213600849,3.41093454542693
2025-02-25,avg_sing_hou_bbl,86.9291338582677,82.1518215217092,4.77731233655851
2025-02-26,avg_sing_hou_bbl,85.3149606299213,82.1791776916867,3.1357829382346
2025-02-27,avg_sing_hou_bbl,83.6614173228347,84.9316265769309,-1.27020925409626
2025-02-28,avg_sing_hou_bbl,84.3307086614173,84.4591325534291,-0.128423892011753
2025-03-03,avg_sing_hou_bbl,83.9763779527559,82.9872572364046,0.98912071635128
2025-03-04,avg_sing_hou_bbl,82.4015748031496,83.155893527288,-0.754318724138429
2025-03-05,avg_sing_hou_bbl,81.8110236220473,80.8417247789153,0.969298843131924
2025-03-06,avg_sing_hou_bbl,80.4724409448819,81.2001909074395,-0.727749962557624
2025-03-07,avg_sing_hou_bbl,80.4330708661417,82.3951516485418,-1.96208078240002
2025-03-10,avg_sing_hou_bbl,80.9448818897638,81.2740252852359,-0.329143395472087
2025-03-11,avg_sing_hou_bbl,80.8661417322835,81.7284777010484,-0.862335968764938
2025-03-12,avg_sing_hou_bbl,81.3385826771654,83.4586607803351,-2.12007810316969
2025-03-13,avg_sing_hou_bbl,81.5748031496063,82.3806805067423,-0.805877357135998
2025-03-14,avg_sing_hou_bbl,81.3779527559055,83.3146781707544,-1.93672541484884
2025-03-17,avg_sing_hou_bbl,81.7322834645669,83.9536267183106,-2.22134325374367
2025-03-18,avg_sing_hou_bbl,82.6771653543307,83.5119605209645,-0.834795166633754
2025-03-19,avg_sing_hou_bbl,82.1653543307087,83.3508981216344,-1.18554379092569
2025-03-20,avg_sing_hou_bbl,82.1653543307087,84.8411865541369,-2.67583222342822
2025-03-21,avg_sing_hou_bbl,82.6771653543307,84.6392912262001,-1.96212587186942
2025-03-24,avg_sing_hou_bbl,82.6377952755906,85.8294670211956,-3.19167174560499
2025-03-25,avg_sing_hou_bbl,82.7952755905512,85.7658800001176,-2.97060440956642
2025-03-26,avg_sing_hou_bbl,83.1889763779528,86.5633490450531,-3.37437266710029
2025-03-27,avg_sing_hou_bbl,83.8188976377953,86.8442597457738,-3.02536210797851
2025-03-28,avg_sing_hou_bbl,83.7007874015748,86.041837288337,-2.34104988676212
2025-03-31,avg_sing_hou_bbl,84.1338582677165,88.9581739809233,-4.8243157132068
2025-04-01,avg_sing_hou_bbl,84.3700787401575,88.6284421182691,-4.2583633781116
2025-04-02,avg_sing_hou_bbl,84.8818897637795,89.3429318188011,-4.46104205502154
2025-04-03,avg_sing_hou_bbl,83.3858267716535,82.8802967522181,0.50553001943544
2025-04-04,avg_sing_hou_bbl,80.1181102362205,75.9718484776169,4.1462617586036
2025-04-07,avg_sing_hou_bbl,76.8503937007874,74.1811819722544,2.66921172853304
2025-04-08,avg_sing_hou_bbl,75.6692913385827,72.8447462055693,2.82454513301335
2025-04-09,avg_sing_hou_bbl,73.503937007874,76.4939739602724,-2.99003695239841
2025-04-10,avg_sing_hou_bbl,74.1732283464567,73.7771076122322,0.396120734224482
2025-04-11,avg_sing_hou_bbl,74.7244094488189,75.7828277001145,-1.05841825129559
2025-04-14,avg_sing_hou_bbl,75.8661417322835,75.9744877413436,-0.108346009060099
2025-04-15,avg_sing_hou_bbl,76.0236220472441,75.6571109066481,0.366511140595975
2025-04-16,avg_sing_hou_bbl,76.2992125984252,77.1681273992827,-0.868914800857496
2025-04-17,avg_sing_hou_bbl,76.5748031496063,80.1525214920781,-3.5777183424718
2025-04-22,avg_sing_hou_bbl,76.5354330708662,79.4412742596169,-2.90584118875077
2025-04-23,avg_sing_hou_bbl,77.0866141732284,76.675461514495,0.411152658733315
2025-04-24,avg_sing_hou_bbl,76.4566929133858,77.8539113644176,-1.39721845103171
2025-04-25,avg_sing_hou_bbl,77.2047244094488,78.2009844391725,-0.996260029723629
2025-04-28,avg_sing_hou_bbl,77.2047244094488,77.3125842896562,-0.1078598802074
2025-04-29,avg_sing_hou_bbl,76.2992125984252,75.2291102413747,1.07010235705047
2025-04-30,avg_sing_hou_bbl,74.9212598425197,72.0713500890954,2.84990975342431
2025-05-01,avg_sing_hou_bbl,74.2913385826772,73.5413137971679,0.750024785509254
2025-05-02,avg_sing_hou_bbl,73.5826771653543,72.2710062539061,1.3116709114482
2025-05-06,avg_sing_hou_bbl,73.4251968503937,73.3376685579931,0.0875282924006484
2025-05-07,avg_sing_hou_bbl,74.488188976378,71.9487332461689,2.53945573020903
2025-05-08,avg_sing_hou_bbl,74.8425196850394,74.5778977333453,0.264621951694096
2025-05-09,avg_sing_hou_bbl,75.7086614173229,76.2310330835178,-0.522371666194914
2025-05-12,avg_sing_hou_bbl,76.6929133858268,77.6880052845344,-0.99509189870767
2025-05-13,avg_sing_hou_bbl,77.007874015748,80.2015640814851,-3.19369006573703
2025-05-14,avg_sing_hou_bbl,78.8582677165354,79.4655206720257,-0.607252955490267
2025-05-15,avg_sing_hou_bbl,78.3858267716536,77.6176945495003,0.768132222153241
2025-05-16,avg_sing_hou_bbl,78.0708661417323,78.9029347084233,-0.832068566690992
2025-05-19,avg_sing_hou_bbl,78.1102362204724,79.2689155635256,-1.15867934305317
2025-05-20,avg_sing_hou_bbl,78.1496062992126,79.2968360477397,-1.14722974852714
2025-05-21,avg_sing_hou_bbl,78.740157480315,77.67837513247,1.06178234784497
2025-05-22,avg_sing_hou_bbl,78.0314960629921,76.9230276399248,1.10846842306734
2025-05-23,avg_sing_hou_bbl,76.8110236220473,77.1365964732075,-0.325572851160189
2025-05-27,avg_sing_hou_bbl,77.4015748031496,75.2048313598406,2.19674344330903
2025-05-28,avg_sing_hou_bbl,77.3228346456693,76.2697469834262,1.05308766224312
2025-05-29,avg_sing_hou_bbl,77.2834645669292,74.8586181182678,2.42484644866137
2025-05-30,avg_sing_hou_bbl,76.5748031496063,74.3729365861662,2.20186656344012
2025-06-02,avg_sing_hou_bbl,76.6141732283465,76.6790527657824,-0.0648795374359139
2025-06-03,avg_sing_hou_bbl,77.2047244094488,77.6274054653767,-0.422681055927882
2025-06-04,avg_sing_hou_bbl,77.6377952755906,76.7547029035518,0.883092372038774
2025-06-05,avg_sing_hou_bbl,77.2834645669292,77.2845983691206,-0.0011338021914753
2025-06-06,avg_sing_hou_bbl,77.1259842519685,78.7026562527008,-1.5766720007323
2025-06-09,avg_sing_hou_bbl,78.1496062992126,79.3627786361626,-1.21317233695
2025-06-10,avg_sing_hou_bbl,78.2677165354331,78.6233145966004,-0.355598061167299
2025-06-11,avg_sing_hou_bbl,78.9763779527559,82.9290512462214,-3.95267329346548
2025-06-12,avg_sing_hou_bbl,80.1574803149606,82.4700459671056,-2.31256565214501
2025-06-13,avg_sing_hou_bbl,84.6062992125984,89.3070400967109,-4.70074088411242
2025-06-16,avg_sing_hou_bbl,85.3149606299213,87.2521862308882,-1.93722560096688
2025-06-17,avg_sing_hou_bbl,86.1811023622047,91.2326251144495,-5.05152275224481
2025-06-18,avg_sing_hou_bbl,87.6377952755906,91.3205031127862,-3.68270783719562
2025-06-20,avg_sing_hou_bbl,88.6220472440945,90.7342995038039,-2.11225225970944
2025-06-23,avg_sing_hou_bbl,87.9527559055118,81.68437635363,6.26837955188185
2025-06-24,avg_sing_hou_bbl,81.9685039370079,76.1505785818491,5.81792535515876
2025-06-25,avg_sing_hou_bbl,78.8582677165354,76.8011629230047,2.0571047935308
2025-06-26,avg_sing_hou_bbl,78.740157480315,77.3736040376838,1.36655344263119
2025-06-27,avg_sing_hou_bbl,79.488188976378,77.6081026098276,1.88008636655039
2025-06-30,avg_sing_hou_bbl,79.4094488188977,76.9756068685844,2.43384195031327
2025-07-01,avg_sing_hou_bbl,79.8031496062992,77.3470149897204,2.45613461657881
2025-07-02,avg_sing_hou_bbl,80.4330708661418,80.0848319127452,0.348238953396574
2025-07-03,avg_sing_hou_bbl,80.9055118110236,79.2832075315602,1.62230427946348
2025-07-07,avg_sing_hou_bbl,80.5511811023622,80.671241619471,-0.120060517108811
2025-07-08,avg_sing_hou_bbl,81.1417322834646,81.1620765688041,-0.0203442853395757
2025-07-09,avg_sing_hou_bbl,81.5354330708662,81.2128479470265,0.322585123839659
2025-07-10,avg_sing_hou_bbl,80.9055118110236,78.6195034694888,2.28600834153484
2025-07-11,avg_sing_hou_bbl,80.2755905511811,81.1644077907813,-0.888817239600215
2025-07-14,avg_sing_hou_bbl,81.4566929133858,79.1464598948333,2.31023301855257
2025-07-15,avg_sing_hou_bbl,80.5905511811024,78.4906805609816,2.09987062012075
2025-07-16,avg_sing_hou_bbl,80.1968503937008,77.586830942889,2.61001945081181
2025-07-17,avg_sing_hou_bbl,80,79.8315943079831,0.168405692016904
2025-07-18,avg_sing_hou_bbl,80.3937007874016,79.4155202605247,0.978180526876898
2025-07-21,avg_sing_hou_bbl,80.1574803149607,79.1937894419874,0.963690872973274
2025-07-22,avg_sing_hou_bbl,80,78.0695710596466,1.93042894035342
2025-07-23,avg_sing_hou_bbl,80,76.0459265505365,3.95407344946354
2025-07-24,avg_sing_hou_bbl,80,77.64028770222,2.35971229778005
2025-07-25,avg_sing_hou_bbl,80.1181102362205,76.6993433041839,3.4187669320366
2025-07-28,avg_sing_hou_bbl,80.0787401574803,78.85459986382,1.22414029366031
2025-07-29,avg_sing_hou_bbl,80.9448818897638,82.632177499116,-1.68729560935221
2025-07-30,avg_sing_hou_bbl,82.3622047244095,84.0367410833606,-1.67453635895114
2025-07-31,avg_sing_hou_bbl,82.5984251968504,83.4305175403806,-0.832092343530178
2025-08-01,avg_sing_hou_bbl,82.2047244094488,81.0737904004087,1.13093400904017
2025-08-04,avg_sing_hou_bbl,80.0787401574803,80.0286060035596,0.050134153920709
2025-08-05,avg_sing_hou_bbl,79.7244094488189,78.6808889281014,1.04352052071752
2025-08-06,avg_sing_hou_bbl,79.6456692913386,77.5686494277396,2.07701986359903
2025-08-07,avg_sing_hou_bbl,78.9370078740158,76.9265829694111,2.01042490460468
2025-08-08,avg_sing_hou_bbl,78.4645669291339,77.0515624677267,1.41300446140716
2025-08-11,avg_sing_hou_bbl,78.0314960629921,77.2454617239161,0.786034339075982
2025-08-12,avg_sing_hou_bbl,77.5196850393701,76.1626650342586,1.35702000511148
2025-08-13,avg_sing_hou_bbl,77.3228346456693,75.4622600298875,1.86057461578179
2025-08-14,avg_sing_hou_bbl,77.1259842519685,77.431029818346,-0.305045566377501
2025-08-15,avg_sing_hou_bbl,77.4803149606299,75.8105187662447,1.66979619438526
2025-08-18,avg_sing_hou_bbl,77.007874015748,76.9492685393812,0.0586054763667931
2025-08-19,avg_sing_hou_bbl,76.6929133858268,75.3844327794358,1.30848060639104
2025-08-20,avg_sing_hou_bbl,77.007874015748,76.552759770709,0.455114245039013
2025-08-21,avg_sing_hou_bbl,77.5590551181103,76.9534967213712,0.60555839673907
2025-08-22,avg_sing_hou_bbl,77.7165354330709,76.2583382538329,1.45819717923796
2025-08-26,avg_sing_hou_bbl,78.740157480315,75.4852121688045,3.25494531151048
2025-08-27,avg_sing_hou_bbl,78.3070866141733,76.7027662572223,1.60432035695096
2025-08-28,avg_sing_hou_bbl,78.2283464566929,77.4321974762041,0.796148980488866
2025-08-29,avg_sing_hou_bbl,78.6220472440945,76.7479635122564,1.8740837318381
2025-09-02,avg_sing_hou_bbl,79.0551181102362,79.0624166210302,-0.00729851079397292
2025-09-03,avg_sing_hou_bbl,79.2913385826772,76.9532897228246,2.33804885985255
2025-09-04,avg_sing_hou_bbl,77.9527559055118,76.2866282159845,1.66612768952734
2025-09-05,avg_sing_hou_bbl,76.4566929133858,74.1440155321004,2.31267738128543
2025-09-08,avg_sing_hou_bbl,75.8267716535433,74.7259019201243,1.10086973341906
2025-09-09,avg_sing_hou_bbl,76.8897637795276,75.3177655016974,1.57199827783018
2025-09-10,avg_sing_hou_bbl,76.7322834645669,76.8187411882299,-0.0864577236629458
2025-09-11,avg_sing_hou_bbl,75.5905511811024,75.1661723060549,0.424378875047452
2025-09-12,avg_sing_hou_bbl,75.5905511811024,75.814398561285,-0.223847380182576
2025-09-15,avg_sing_hou_bbl,76.1417322834646,76.90975124752,-0.768018964055372
2025-09-16,avg_sing_hou_bbl,77.4015748031496,78.7111904660196,-1.30961566286997
2025-09-17,avg_sing_hou_bbl,77.3228346456693,78.1099095665456,-0.787074920876307
2025-09-18,avg_sing_hou_bbl,76.9685039370079,77.4406743191777,-0.472170382169836
2025-09-19,avg_sing_hou_bbl,76.0629921259843,76.2238046223773,-0.160812496393078
2025-09-22,avg_sing_hou_bbl,75.5511811023622,76.1509516332374,-0.599770530875148
2025-09-23,avg_sing_hou_bbl,76.1417322834646,77.2018835276733,-1.06015124420874
2025-09-24,avg_sing_hou_bbl,76.6535433070866,79.4306427079046,-2.77709940081797
2025-09-25,avg_sing_hou_bbl,76.9291338582677,79.5535609212697,-2.62442706300199
2025-09-26,avg_sing_hou_bbl,77.7952755905512,80.8777536992741,-3.08247810872294
2025-09-29,avg_sing_hou_bbl,76.4173228346457,77.7495485950649,-1.33222576041918
2025-09-30,avg_sing_hou_bbl,76.496062992126,76.2160692485893,0.279993743536679
2025-10-01,avg_sing_hou_bbl,75.748031496063,75.379310874578,0.368720621485039
2025-10-02,avg_sing_hou_bbl,74.488188976378,73.443574983358,1.04461399301992
2025-10-03,avg_sing_hou_bbl,74.1732283464567,73.8753561466445,0.297872199812232
2025-10-06,avg_sing_hou_bbl,74.251968503937,74.9825863972868,-0.730617893349816
2025-10-07,avg_sing_hou_bbl,74.2913385826772,75.0037291873851,-0.712390604707963
2025-10-08,avg_sing_hou_bbl,74.1732283464567,76.1526387689729,-1.97941042251618
2025-10-09,avg_sing_hou_bbl,73.8582677165354,74.775533058796,-0.917265342260535
2025-10-10,avg_sing_hou_bbl,72.6377952755906,71.237807389201,1.3999878863896
2025-10-14,avg_sing_hou_bbl,70.5511811023622,71.0084198947764,-0.457238792414174
2025-10-15,avg_sing_hou_bbl,70,70.5431523092915,-0.543152309291486
2025-10-16,avg_sing_hou_bbl,69.9212598425197,69.5232450585166,0.398014784003109
2025-10-17,avg_sing_hou_bbl,68.8188976377953,69.6186582600842,-0.7997606222889
2025-10-20,avg_sing_hou_bbl,68.9763779527559,69.694066772711,-0.717688819955086
2025-10-21,avg_sing_hou_bbl,68.6614173228347,70.1268164777496,-1.46539915491495
2025-10-22,avg_sing_hou_bbl,69.3700787401575,71.0465022744194,-1.67642353426193
2025-10-23,avg_sing_hou_bbl,72.6771653543307,75.4601662735277,-2.78300091919698
2025-10-24,avg_sing_hou_bbl,72.8740157480315,75.2198233017012,-2.34580755366964
2025-10-27,avg_sing_hou_bbl,72.1653543307087,75.0090265884814,-2.84367225777277
2025-10-28,avg_sing_hou_bbl,71.6535433070866,73.3855147798087,-1.73197147272205
2025-10-29,avg_sing_hou_bbl,70.8267716535433,73.8543609608554,-3.02758930731211
2025-10-30,avg_sing_hou_bbl,71.0236220472441,74.0700074210126,-3.0463853737685
2025-10-31,avg_sing_hou_bbl,71.6535433070866,74.6450635963907,-2.99152028930405
2025-11-03,avg_sing_hou_bbl,72.244094488189,74.6822829103616,-2.43818842217259
2025-11-04,avg_sing_hou_bbl,71.8503937007874,74.1047025268789,-2.25430882609152
2025-11-05,avg_sing_hou_bbl,72.2834645669292,72.7550336421977,-0.471569075268519
2025-11-06,avg_sing_hou_bbl,71.2204724409449,72.6275373193016,-1.40706487835669
2025-11-07,avg_sing_hou_bbl,71.1417322834646,73.1757775758556,-2.03404529239099
2025-11-10,avg_sing_hou_bbl,71.7716535433071,73.9050342375323,-2.13338069422521
2025-11-12,avg_sing_hou_bbl,71.4566929133858,71.7163416836318,-0.259648770245917
2025-11-13,avg_sing_hou_bbl,71.2204724409449,72.0553869434089,-0.83491450246396
2025-11-14,avg_sing_hou_bbl,70.6299212598425,73.8861632666927,-3.25624200685022
2025-11-17,avg_sing_hou_bbl,71.0629921259843,73.5200667872382,-2.45707466125394
2025-11-18,avg_sing_hou_bbl,70.9055118110236,74.645115539304,-3.73960372828032
2025-11-19,avg_sing_hou_bbl,71.0236220472441,72.8980626851584,-1.87444063791432
2025-11-20,avg_sing_hou_bbl,70.7874015748032,72.5704265222692,-1.78302494746605
2025-11-21,avg_sing_hou_bbl,70.1968503937008,70.8993325102038,-0.702482116502964
2025-11-24,avg_sing_hou_bbl,69.5669291338583,71.304111538814,-1.73718240495569
2025-11-25,avg_sing_hou_bbl,68.740157480315,70.0858442994728,-1.34568681915782
2025-11-26,avg_sing_hou_bbl,68.0708661417323,70.8490182195184,-2.7781520777861
2025-11-28,avg_sing_hou_bbl,68.4251968503937,70.4549882596619,-2.02979140926821
2025-12-01,avg_sing_hou_bbl,69.0157480314961,71.5287546431759,-2.51300661167986
2025-12-02,avg_sing_hou_bbl,68.8188976377953,70.4182491776086,-1.59935153981336
2025-12-03,avg_sing_hou_bbl,68.2677165354331,70.6079692355039,-2.34025270007081
2025-12-04,avg_sing_hou_bbl,68.7795275590551,71.4718252170771,-2.69229765802197
2025-12-05,avg_sing_hou_bbl,68.8976377952756,71.9140269731307,-3.01638917785513
2025-12-08,avg_sing_hou_bbl,69.0944881889764,70.299505448336,-1.20501725935956
2025-12-09,avg_sing_hou_bbl,68.3858267716536,69.4861146719643,-1.10028790031076
2025-12-10,avg_sing_hou_bbl,67.7952755905512,69.9267447740789,-2.13146918352767
2025-12-11,avg_sing_hou_bbl,66.7322834645669,68.6536149687797,-1.92133150421272
2025-12-12,avg_sing_hou_bbl,66.259842519685,68.4670168197096,-2.20717430002451
2025-12-15,avg_sing_hou_bbl,65.9842519685039,67.6021236048669,-1.61787163636292
2025-12-16,avg_sing_hou_bbl,65.236220472441,65.5313317933705,-0.295111320929536
2025-12-17,avg_sing_hou_bbl,65.0393700787402,66.5444952507185,-1.50512517197834
2025-12-18,avg_sing_hou_bbl,64.8425196850394,66.8989141021976,-2.05639441715817
2025-12-19,avg_sing_hou_bbl,65.3937007874016,67.8266115986514,-2.43291081124985
2025-12-22,avg_sing_hou_bbl,65.9842519685039,69.8649815618193,-3.88072959331538
2025-12-23,avg_sing_hou_bbl,67.244094488189,70.5175628292246,-3.27346834103562
2025-12-24,avg_sing_hou_bbl,67.3228346456693,70.9111303891216,-3.58829574345228
2025-12-29,avg_sing_hou_bbl,66.6535433070866,69.8523895846205,-3.19884627753387
2025-12-30,avg_sing_hou_bbl,66.496062992126,69.7801644254879,-3.2841014333619
2025-12-31,avg_sing_hou_bbl,66.9685039370079,69.0603913802098,-2.0918874432019
2026-01-02,avg_sing_hou_bbl,66.3385826771654,69.0335572893719,-2.69497461220655
2026-01-05,avg_sing_hou_bbl,65.9842519685039,70.3519230162716,-4.3676710477676
2026-01-06,avg_sing_hou_bbl,66.0236220472441,68.8513325527362,-2.82771050549209
2026-01-07,avg_sing_hou_bbl,65.3937007874016,67.5711390588149,-2.17743827141337
2026-01-08,avg_sing_hou_bbl,65.6299212598425,69.9952101373266,-4.36528887748405
2026-01-09,avg_sing_hou_bbl,66.496062992126,71.7015807671948,-5.20551777506881
2026-01-12,avg_sing_hou_bbl,67.2047244094488,72.2506924403724,-5.04596803092356
2026-01-13,avg_sing_hou_bbl,69.0157480314961,74.2761560177182,-5.26040798622218
2026-01-14,avg_sing_hou_bbl,70.3937007874016,75.6619631174375,-5.26826233003595
2026-01-15,avg_sing_hou_bbl,69.8818897637795,71.9447742461598,-2.06288448238028
2026-01-16,avg_sing_hou_bbl,69.251968503937,72.3763469695108,-3.12437846557377
2026-01-20,avg_sing_hou_bbl,70.0787401574803,73.6995313148813,-3.620791157401
2026-01-21,avg_sing_hou_bbl,70.2755905511811,73.903484982912,-3.62789443173092
2026-01-22,avg_sing_hou_bbl,71.1417322834646,72.4231027171363,-1.28137043367174
2026-01-23,avg_sing_hou_bbl,70.9842519685039,74.5140649621441,-3.52981299364019
2026-01-26,avg_sing_hou_bbl,72.007874015748,74.2051822060246,-2.19730819027657
2026-01-27,avg_sing_hou_bbl,72.3622047244095,76.4150297084939,-4.05282498408448
2026-01-28,avg_sing_hou_bbl,73.4645669291339,77.3841638732717,-3.91959694413782
2026-01-29,avg_sing_hou_bbl,75.4724409448819,80.1097926921966,-4.63735174731465
2026-01-30,avg_sing_hou_bbl,75.748031496063,79.664024872883,-3.91599337682003
2026-02-02,avg_sing_hou_bbl,73.6220472440945,75.4339702250617,-1.81192298096722
2026-02-03,avg_sing_hou_bbl,72.7952755905512,76.7513763272794,-3.95610073672816
2026-02-04,avg_sing_hou_bbl,74.6062992125984,79.2956662246215,-4.68936701202307
2026-02-05,avg_sing_hou_bbl,74.6062992125984,76.8724896876198,-2.26619047502136
2026-02-06,avg_sing_hou_bbl,74.5669291338583,78.0217153119359,-3.4547861780776
2026-02-09,avg_sing_hou_bbl,74.8425196850394,79.0391838984756,-4.19666421343621
2026-02-10,avg_sing_hou_bbl,75.1968503937008,78.5364603949688,-3.33961000126796
2026-02-11,avg_sing_hou_bbl,75.8661417322835,79.2835512581014,-3.41740952581796
2026-02-12,avg_sing_hou_bbl,75.748031496063,76.7976766738952,-1.04964517783216
2026-02-13,avg_sing_hou_bbl,74.2125984251969,76.6890406699456,-2.47644224474875
2026-02-17,avg_sing_hou_bbl,74.6456692913386,75.923841936584,-1.27817264524543
2026-02-18,avg_sing_hou_bbl,75.4724409448819,79.7694721737921,-4.29703122891024
2026-02-19,avg_sing_hou_bbl,78.1889763779528,81.5239427607712,-3.33496638281841
2026-02-20,avg_sing_hou_bbl,79.251968503937,81.404489109876,-2.15252060593902
2026-02-23,avg_sing_hou_bbl,79.3307086614173,80.8533980263688,-1.52268936495146
2026-02-24,avg_sing_hou_bbl,79.1338582677165,79.8254121392768,-0.691553871560245
2026-02-25,avg_sing_hou_bbl,78.740157480315,79.3862641311999,-0.646106650884946
2026-02-26,avg_sing_hou_bbl,79.2125984251969,79.1998867156171,0.01271170957979
2026-02-27,avg_sing_hou_bbl,80,81.8411569292393,-1.8411569292393
2026-03-02,avg_sing_hou_bbl,88.7795275590551,87.5707491597161,1.20877839933902
2026-03-03,avg_sing_hou_bbl,96.0236220472441,92.1405218438174,3.88310020342668
2026-03-04,avg_sing_hou_bbl,98.2283464566929,92.1498525376045,6.07849391908843
2026-03-05,avg_sing_hou_bbl,102.047244094488,100.780462557641,1.26678153684706
2026-03-06,avg_sing_hou_bbl,117.362204724409,114.200064131241,3.1621405931682
2026-03-09,avg_sing_hou_bbl,148.937007874016,119.100579972828,29.8364279011878
2026-03-10,avg_sing_hou_bbl,139.291338582677,103.540194125309,35.7511444573684
2026-03-11,avg_sing_hou_bbl,136.535433070866,107.570390591717,28.9650424791491
2026-03-12,avg_sing_hou_bbl,141.889763779528,119.586891163941,22.3028726155871
2026-03-13,avg_sing_hou_bbl,146.732283464567,123.296893175663,23.4353902889039
